" Sub-national electricity sales and numbers of customers, 2016 (1) ",,,, Number of MPANs (thousands) ,,,,, Sales (GWh) ,,,,, Averages (KWh) ,,,,,,,,,,, Average domestic consumption per household (kWh) (2) ,
,,,, Domestic consumers ,,, Non-domestic consumers ,, Domestic consumers ,,, Non-domestic consumers , All , Domestic Economy 7 ,, Standard ,, All domestic ,, Non-domestic ,, All ,,,,
 Region , Local Authority , LA Code , LAU1 , Economy 7 meters , Standard Meters , All domestic , All Non-domestic , Total number of Meters , Economy 7 meters , Standard meters , All domestic , All non-domestic , Total consumption , Mean consumption , Median consumption , Mean consumption , Median consumption , Mean consumption , Median consumption , Mean consumption , Median consumption , Mean consumption , Median consumption ,,,
 NORTH EAST ,County Durham,E06000047,UKC1400, 9 , 233 , 242 , 16 , 258 , 48 , 730 , 778 ," 1,088 "," 1,867 "," 5,483 "," 4,029 "," 3,136 "," 2,707 "," 3,222 "," 2,728 "," 68,230 "," 7,511 "," 7,248 "," 2,784 ",," 3,389 ",
 NORTH EAST ,Darlington,E06000005,UKC1300, 4 , 47 , 50 , 4 , 54 , 17 , 152 , 169 , 234 , 403 ," 4,930 "," 3,642 "," 3,255 "," 2,796 "," 3,372 "," 2,824 "," 63,767 "," 7,656 "," 7,493 "," 2,885 ",," 3,578 ",
 NORTH EAST ,Hartlepool,E06000001,UKC1101, 2 , 41 , 43 , 3 , 46 , 9 , 129 , 137 , 291 , 428 ," 4,345 "," 3,165 "," 3,121 "," 2,724 "," 3,178 "," 2,736 "," 95,987 "," 5,542 "," 9,254 "," 2,777 ",," 3,286 ",
 NORTH EAST ,Middlesbrough,E06000002,UKC1201, 4 , 59 , 62 , 4 , 66 , 15 , 182 , 197 , 273 , 471 ," 4,001 "," 3,009 "," 3,119 "," 2,736 "," 3,172 "," 2,748 "," 64,549 "," 8,643 "," 7,080 "," 2,811 ",," 3,389 ",
 NORTH EAST ,Northumberland,E06000057,UKC2100, 13 , 141 , 154 , 14 , 168 , 77 , 482 , 560 , 868 ," 1,428 "," 5,765 "," 4,228 "," 3,433 "," 2,864 "," 3,637 "," 2,918 "," 63,128 "," 7,186 "," 8,513 "," 3,000 ",," 3,957 ",
 NORTH EAST ,Redcar and Cleveland,E06000003,UKC1202, 4 , 61 , 64 , 4 , 68 , 16 , 189 , 205 , 638 , 843 ," 4,430 "," 3,329 "," 3,120 "," 2,738 "," 3,193 "," 2,757 "," 169,848 "," 7,957 "," 12,420 "," 2,802 ",," 3,390 ",
 NORTH EAST ,Stockton-on-Tees,E06000004,UKC1102, 4 , 82 , 86 , 5 , 91 , 18 , 266 , 285 , 989 ," 1,273 "," 4,494 "," 3,304 "," 3,257 "," 2,848 "," 3,315 "," 2,861 "," 182,209 "," 9,043 "," 13,951 "," 2,922 ",," 3,471 ",
 NORTH EAST ,Gateshead,E08000037,UKC2205, 5 , 88 , 94 , 6 , 100 , 26 , 269 , 294 , 525 , 819 ," 4,809 "," 3,938 "," 3,041 "," 2,656 "," 3,142 "," 2,688 "," 82,838 "," 9,441 "," 8,191 "," 2,756 ",," 3,245 ",
 NORTH EAST ,Newcastle upon Tyne,E08000021,UKC2202, 12 , 116 , 127 , 10 , 137 , 58 , 357 , 416 , 780 ," 1,196 "," 5,049 "," 4,170 "," 3,093 "," 2,618 "," 3,271 "," 2,685 "," 77,728 "," 8,102 "," 8,719 "," 2,755 ",," 3,359 ",
 NORTH EAST ,North Tyneside,E08000022,UKC2203, 6 , 92 , 98 , 6 , 104 , 26 , 278 , 304 , 424 , 728 ," 4,632 "," 3,660 "," 3,010 "," 2,631 "," 3,104 "," 2,658 "," 74,263 "," 7,552 "," 7,022 "," 2,707 ",," 3,221 ",
 NORTH EAST ,South Tyneside,E08000023,UKC2204, 2 , 70 , 72 , 4 , 76 , 9 , 204 , 213 , 196 , 409 ," 4,813 "," 3,994 "," 2,925 "," 2,572 "," 2,975 "," 2,588 "," 49,724 "," 7,209 "," 5,421 "," 2,632 ",," 3,098 ",
 NORTH EAST ,Sunderland,E08000024,UKC2300, 5 , 123 , 128 , 8 , 136 , 24 , 378 , 401 , 806 ," 1,208 "," 4,540 "," 3,508 "," 3,072 "," 2,686 "," 3,132 "," 2,701 "," 99,663 "," 8,109 "," 8,861 "," 2,756 ",," 3,276 ",
 NORTH WEST ,Blackburn with Darwen,E06000008,UKD4100, 4 , 56 , 60 , 5 , 65 , 20 , 190 , 210 , 375 , 585 ," 5,160 "," 3,760 "," 3,382 "," 2,903 "," 3,499 "," 2,936 "," 73,790 "," 9,481 "," 8,974 "," 3,021 ",," 3,659 ",
 NORTH WEST ,Blackpool,E06000009,UKD4200, 7 , 60 , 67 , 7 , 74 , 39 , 204 , 243 , 282 , 525 ," 5,279 "," 4,277 "," 3,423 "," 2,905 "," 3,628 "," 2,984 "," 41,279 "," 7,404 "," 7,115 "," 3,074 ",," 3,806 ",
 NORTH WEST ,Cheshire East,E06000049,UKD6200, 14 , 155 , 169 , 14 , 183 , 92 , 597 , 689 ," 1,024 "," 1,713 "," 6,360 "," 4,901 "," 3,860 "," 3,171 "," 4,074 "," 3,258 "," 72,714 "," 10,390 "," 9,355 "," 3,354 ",," 4,182 ",
 NORTH WEST ,Cheshire West and Chester,E06000050,UKD6300, 9 , 143 , 152 , 12 , 163 , 58 , 516 , 574 ," 1,654 "," 2,228 "," 6,322 "," 5,011 "," 3,616 "," 3,081 "," 3,779 "," 3,142 "," 141,454 "," 10,571 "," 13,625 "," 3,228 ",," 3,973 ",
 NORTH WEST ,Halton,E06000006,UKD7101, 2 , 54 , 56 , 4 , 59 , 8 , 181 , 189 , 497 , 686 ," 5,337 "," 4,221 "," 3,342 "," 2,975 "," 3,399 "," 2,997 "," 139,752 "," 10,426 "," 11,573 "," 3,052 ",," 3,459 ",
 NORTH WEST ,Warrington,E06000007,UKD6100, 4 , 87 , 91 , 6 , 97 , 22 , 301 , 322 , 563 , 885 ," 5,634 "," 4,631 "," 3,455 "," 2,998 "," 3,547 "," 3,040 "," 89,828 "," 10,730 "," 9,113 "," 3,111 ",," 3,593 ",
 NORTH WEST ,Allerdale,E07000026,UKD1101, 5 , 42 , 46 , 6 , 52 , 32 , 143 , 174 , 273 , 447 ," 6,868 "," 5,147 "," 3,438 "," 2,923 "," 3,779 "," 3,027 "," 48,891 "," 8,312 "," 8,646 "," 3,154 ",," 4,055 ",
 NORTH WEST ,Barrow-in-Furness,E07000027,UKD1102, 2 , 31 , 33 , 2 , 35 , 10 , 97 , 107 , 354 , 461 ," 4,965 "," 3,563 "," 3,120 "," 2,725 "," 3,231 "," 2,759 "," 159,868 "," 7,844 "," 13,025 "," 2,814 ",," 3,487 ",
 NORTH WEST ,Carlisle,E07000028,UKD1201, 5 , 46 , 51 , 5 , 56 , 31 , 158 , 189 , 376 , 565 ," 6,633 "," 5,286 "," 3,430 "," 2,876 "," 3,721 "," 2,975 "," 70,916 "," 8,350 "," 10,083 "," 3,075 ",," 3,824 ",
 NORTH WEST ,Copeland,E07000029,UKD1103, 3 , 30 , 33 , 3 , 36 , 24 , 101 , 125 , 97 , 222 ," 7,004 "," 5,436 "," 3,405 "," 2,933 "," 3,770 "," 3,038 "," 34,572 "," 7,768 "," 6,182 "," 3,130 ",," 4,074 ",
 NORTH WEST ,Eden,E07000030,UKD1202, 5 , 20 , 25 , 4 , 30 , 42 , 79 , 122 , 236 , 357 ," 7,860 "," 6,419 "," 3,989 "," 3,223 "," 4,812 "," 3,550 "," 52,417 "," 8,143 "," 12,000 "," 3,768 ",," 5,187 ",
 NORTH WEST ,South Lakeland,E07000031,UKD1203, 9 , 45 , 54 , 8 , 62 , 67 , 164 , 231 , 303 , 535 ," 7,246 "," 5,659 "," 3,671 "," 2,960 "," 4,285 "," 3,177 "," 38,852 "," 7,807 "," 8,649 "," 3,334 ",," 4,910 ",
 NORTH WEST ,Bolton,E08000001,UKD3201, 10 , 114 , 124 , 8 , 132 , 52 , 386 , 438 , 517 , 956 ," 5,276 "," 4,184 "," 3,392 "," 2,931 "," 3,542 "," 2,987 "," 62,321 "," 8,626 "," 7,238 "," 3,053 ",," 3,666 ",
 NORTH WEST ,Bury,E08000002,UKD3202, 6 , 77 , 83 , 5 , 89 , 32 , 268 , 300 , 327 , 627 ," 5,199 "," 4,139 "," 3,474 "," 2,974 "," 3,600 "," 3,023 "," 59,723 "," 9,303 "," 7,065 "," 3,097 ",," 3,725 ",
 NORTH WEST ,Manchester,E08000003,UKD3101, 24 , 198 , 222 , 19 , 241 , 137 , 658 , 795 ," 1,805 "," 2,600 "," 5,693 "," 5,022 "," 3,332 "," 2,785 "," 3,588 "," 2,923 "," 94,437 "," 10,731 "," 10,803 "," 3,027 ",," 3,612 ",
 NORTH WEST ,Oldham ,E08000004,UKD3203, 4 , 91 , 96 , 6 , 102 , 22 , 301 , 323 , 412 , 735 ," 5,180 "," 3,980 "," 3,289 "," 2,874 "," 3,374 "," 2,899 "," 64,771 "," 8,650 "," 7,202 "," 2,960 ",," 3,465 ",
 NORTH WEST ,Rochdale,E08000005,UKD3204, 5 , 88 , 93 , 6 , 99 , 27 , 295 , 322 , 468 , 791 ," 5,292 "," 4,224 "," 3,363 "," 2,923 "," 3,470 "," 2,965 "," 74,171 "," 9,408 "," 7,971 "," 3,035 ",," 3,587 ",
 NORTH WEST ,Salford,E08000006,UKD3102, 12 , 103 , 115 , 8 , 123 , 65 , 351 , 416 , 581 , 997 ," 5,380 "," 4,603 "," 3,405 "," 2,906 "," 3,612 "," 3,003 "," 71,316 "," 9,324 "," 8,088 "," 3,076 ",," 3,742 ",
 NORTH WEST ,Stockport,E08000007,UKD3103, 11 , 117 , 128 , 9 , 137 , 58 , 419 , 477 , 530 ," 1,007 "," 5,337 "," 4,415 "," 3,571 "," 3,093 "," 3,721 "," 3,161 "," 58,705 "," 9,422 "," 7,336 "," 3,234 ",," 3,787 ",
 NORTH WEST ,Tameside,E08000008,UKD3104, 6 , 96 , 101 , 6 , 108 , 29 , 314 , 343 , 411 , 754 ," 5,149 "," 4,051 "," 3,280 "," 2,863 "," 3,382 "," 2,897 "," 64,374 "," 9,280 "," 6,998 "," 2,957 ",," 3,516 ",
 NORTH WEST ,Trafford,E08000009,UKD3105, 8 , 90 , 98 , 8 , 107 , 45 , 334 , 380 , 978 ," 1,357 "," 5,491 "," 4,581 "," 3,714 "," 3,125 "," 3,863 "," 3,196 "," 118,972 "," 10,402 "," 12,743 "," 3,291 ",," 3,819 ",
 NORTH WEST ,Wigan,E08000010,UKD3205, 8 , 135 , 143 , 8 , 151 , 41 , 448 , 489 , 615 ," 1,103 "," 5,016 "," 3,839 "," 3,333 "," 2,932 "," 3,428 "," 2,963 "," 72,669 "," 9,291 "," 7,305 "," 3,021 ",," 3,464 ",
 NORTH WEST ,Burnley,E07000117,UKD4301, 2 , 39 , 41 , 3 , 44 , 11 , 124 , 135 , 193 , 327 ," 5,250 "," 4,194 "," 3,213 "," 2,824 "," 3,316 "," 2,859 "," 58,675 "," 8,414 "," 7,463 "," 2,925 ",," 3,554 ",
 NORTH WEST ,Chorley,E07000118,UKD4302, 3 , 46 , 49 , 3 , 53 , 17 , 166 , 183 , 188 , 371 ," 5,798 "," 4,575 "," 3,589 "," 3,068 "," 3,723 "," 3,118 "," 54,414 "," 9,352 "," 7,050 "," 3,187 ",," 3,796 ",
 NORTH WEST ,Fylde,E07000119,UKD4303, 5 , 33 , 38 , 3 , 41 , 29 , 120 , 149 , 226 , 375 ," 5,996 "," 5,124 "," 3,662 "," 3,036 "," 3,962 "," 3,182 "," 66,119 "," 7,935 "," 9,127 "," 3,273 ",," 4,109 ",
 NORTH WEST ,Hyndburn,E07000120,UKD4304, 2 , 34 , 36 , 3 , 39 , 11 , 109 , 120 , 166 , 287 ," 5,085 "," 3,661 "," 3,182 "," 2,766 "," 3,293 "," 2,798 "," 54,913 "," 8,026 "," 7,257 "," 2,871 ",," 3,482 ",
 NORTH WEST ,Lancaster,E07000121,UKD4305, 6 , 56 , 62 , 6 , 68 , 38 , 189 , 227 , 281 , 508 ," 6,058 "," 4,798 "," 3,364 "," 2,836 "," 3,632 "," 2,934 "," 49,238 "," 7,673 "," 7,455 "," 3,020 ",," 3,778 ",
 NORTH WEST ,Pendle,E07000122,UKD4306, 3 , 37 , 40 , 3 , 43 , 13 , 123 , 136 , 225 , 362 ," 5,301 "," 3,761 "," 3,285 "," 2,763 "," 3,412 "," 2,797 "," 68,355 "," 6,779 "," 8,367 "," 2,864 ",," 3,555 ",
 NORTH WEST ,Preston,E07000123,UKD4307, 5 , 55 , 60 , 6 , 66 , 28 , 188 , 216 , 367 , 584 ," 5,283 "," 4,218 "," 3,420 "," 2,893 "," 3,583 "," 2,955 "," 64,400 "," 8,845 "," 8,835 "," 3,053 ",," 3,699 ",
 NORTH WEST ,Ribble Valley,E07000124,UKD4308, 2 , 23 , 26 , 3 , 29 , 16 , 94 , 110 , 318 , 428 ," 7,518 "," 5,674 "," 3,999 "," 3,190 "," 4,296 "," 3,291 "," 109,857 "," 8,707 "," 14,997 "," 3,421 ",," 4,385 ",
 NORTH WEST ,Rossendale,E07000125,UKD4309, 2 , 30 , 32 , 3 , 34 , 11 , 106 , 116 , 186 , 302 ," 5,684 "," 4,469 "," 3,541 "," 3,023 "," 3,669 "," 3,065 "," 71,565 "," 7,851 "," 8,807 "," 3,140 ",," 3,858 ",
 NORTH WEST ,South Ribble,E07000126,UKD4310, 3 , 46 , 49 , 3 , 52 , 16 , 162 , 178 , 283 , 460 ," 5,946 "," 4,754 "," 3,520 "," 3,063 "," 3,653 "," 3,112 "," 80,901 "," 9,748 "," 8,826 "," 3,190 ",," 3,774 ",
 NORTH WEST ,West Lancashire,E07000127,UKD4311, 4 , 44 , 48 , 4 , 52 , 21 , 170 , 192 , 322 , 513 ," 5,731 "," 4,275 "," 3,838 "," 3,266 "," 3,983 "," 3,305 "," 81,730 "," 9,763 "," 9,865 "," 3,390 ",," 4,125 ",
 NORTH WEST ,Wyre,E07000128,UKD4312, 5 , 45 , 50 , 4 , 55 , 28 , 163 , 191 , 285 , 476 ," 5,941 "," 4,779 "," 3,581 "," 3,028 "," 3,805 "," 3,107 "," 65,294 "," 7,501 "," 8,725 "," 3,192 ",," 3,923 ",
 NORTH WEST ,Knowsley ,E08000011,UKD7102, 2 , 64 , 66 , 3 , 69 , 8 , 214 , 222 , 501 , 723 ," 4,926 "," 3,750 "," 3,336 "," 2,984 "," 3,375 "," 2,994 "," 167,579 "," 10,593 "," 10,523 "," 3,037 ",," 3,523 ",
 NORTH WEST ,Liverpool,E08000012,UKD7200, 12 , 204 , 216 , 15 , 231 , 65 , 641 , 707 ," 1,184 "," 1,891 "," 5,591 "," 4,743 "," 3,139 "," 2,698 "," 3,272 "," 2,753 "," 79,661 "," 8,653 "," 8,191 "," 2,819 ",," 3,265 ",
 NORTH WEST ,Sefton,E08000014,UKD7300, 6 , 120 , 127 , 8 , 135 , 32 , 409 , 441 , 419 , 860 ," 5,129 "," 4,320 "," 3,396 "," 2,943 "," 3,481 "," 2,980 "," 52,324 "," 7,998 "," 6,389 "," 3,039 ",," 3,655 ",
 NORTH WEST ,St. Helens,E08000013,UKD7103, 2 , 79 , 81 , 5 , 86 , 12 , 258 , 270 , 448 , 718 ," 4,938 "," 3,906 "," 3,275 "," 2,886 "," 3,325 "," 2,900 "," 96,643 "," 9,639 "," 8,359 "," 2,951 ",," 3,455 ",
 NORTH WEST ,Wirral,E08000015,UKD7400, 7 , 141 , 148 , 9 , 157 , 35 , 478 , 513 , 535 ," 1,048 "," 5,029 "," 4,075 "," 3,386 "," 2,947 "," 3,463 "," 2,976 "," 59,916 "," 8,085 "," 6,670 "," 3,033 ",," 3,565 ",
 YORKSHIRE AND THE HUMBER ,East Riding of Yorkshire,E06000011,UKE1200, 13 , 141 , 154 , 13 , 167 , 75 , 506 , 581 , 976 ," 1,558 "," 5,868 "," 4,468 "," 3,584 "," 2,968 "," 3,775 "," 3,035 "," 72,623 "," 7,778 "," 9,305 "," 3,115 ",," 3,954 ",
 YORKSHIRE AND THE HUMBER ,"Kingston upon Hull, City of",E06000010,UKE1100, 9 , 111 , 120 , 8 , 128 , 39 , 339 , 379 , 677 ," 1,055 "," 4,367 "," 3,296 "," 3,053 "," 2,640 "," 3,151 "," 2,667 "," 81,982 "," 10,790 "," 8,219 "," 2,744 ",," 3,297 ",
 YORKSHIRE AND THE HUMBER ,North East Lincolnshire,E06000012,UKE1301, 4 , 69 , 73 , 5 , 78 , 19 , 228 , 248 , 562 , 810 ," 5,051 "," 3,747 "," 3,320 "," 2,859 "," 3,412 "," 2,888 "," 113,867 "," 8,513 "," 10,444 "," 2,946 ",," 3,496 ",
 YORKSHIRE AND THE HUMBER ,North Lincolnshire,E06000013,UKE1302, 4 , 71 , 74 , 6 , 80 , 21 , 242 , 262 , 880 ," 1,142 "," 5,689 "," 4,432 "," 3,416 "," 2,902 "," 3,526 "," 2,936 "," 145,192 "," 7,986 "," 14,199 "," 3,005 ",," 3,598 ",
 YORKSHIRE AND THE HUMBER ,York,E06000014,UKE2100, 10 , 80 , 89 , 7 , 97 , 47 , 271 , 317 , 415 , 732 ," 4,882 "," 3,789 "," 3,387 "," 2,842 "," 3,547 "," 2,900 "," 56,021 "," 9,632 "," 7,559 "," 2,988 ",," 3,602 ",
 YORKSHIRE AND THE HUMBER ,Craven,E07000163,UKE2201, 3 , 24 , 27 , 4 , 31 , 24 , 88 , 112 , 139 , 251 ," 7,539 "," 5,728 "," 3,699 "," 2,914 "," 4,152 "," 3,039 "," 37,679 "," 8,348 "," 8,205 "," 3,205 ",," 4,442 ",
 YORKSHIRE AND THE HUMBER ,Hambleton,E07000164,UKE2202, 5 , 35 , 41 , 5 , 46 , 34 , 140 , 175 , 270 , 445 ," 6,315 "," 5,033 "," 3,990 "," 3,194 "," 4,302 "," 3,326 "," 49,757 "," 8,026 "," 9,654 "," 3,459 ",," 4,448 ",
 YORKSHIRE AND THE HUMBER ,Harrogate,E07000165,UKE2203, 7 , 64 , 71 , 8 , 79 , 46 , 255 , 302 , 475 , 777 ," 6,406 "," 4,828 "," 4,006 "," 3,140 "," 4,250 "," 3,236 "," 58,441 "," 7,695 "," 9,822 "," 3,344 ",," 4,404 ",
 YORKSHIRE AND THE HUMBER ,Richmondshire,E07000166,UKE2204, 4 , 19 , 23 , 3 , 26 , 25 , 76 , 101 , 121 , 222 ," 6,798 "," 5,216 "," 3,909 "," 3,178 "," 4,368 "," 3,319 "," 39,686 "," 6,912 "," 8,462 "," 3,422 ",," 4,726 ",
 YORKSHIRE AND THE HUMBER ,Ryedale,E07000167,UKE2205, 4 , 22 , 25 , 4 , 29 , 25 , 85 , 110 , 195 , 305 ," 6,684 "," 5,145 "," 3,939 "," 3,069 "," 4,346 "," 3,215 "," 49,541 "," 7,261 "," 10,403 "," 3,352 ",," 4,725 ",
 YORKSHIRE AND THE HUMBER ,Scarborough,E07000168,UKE2206, 8 , 51 , 58 , 6 , 65 , 41 , 165 , 206 , 290 , 496 ," 5,274 "," 3,872 "," 3,257 "," 2,636 "," 3,523 "," 2,723 "," 44,923 "," 6,096 "," 7,639 "," 2,807 ",," 4,138 ",
 YORKSHIRE AND THE HUMBER ,Selby,E07000169,UKE2207, 4 , 34 , 38 , 3 , 41 , 26 , 128 , 154 , 278 , 431 ," 5,880 "," 4,198 "," 3,800 "," 3,152 "," 4,040 "," 3,219 "," 81,669 "," 8,174 "," 10,414 "," 3,302 ",," 4,230 ",
 YORKSHIRE AND THE HUMBER ,Barnsley,E08000016,UKE3101, 2 , 107 , 109 , 6 , 116 , 12 , 344 , 356 , 546 , 902 ," 5,528 "," 3,802 "," 3,219 "," 2,749 "," 3,265 "," 2,760 "," 84,333 "," 8,143 "," 7,802 "," 2,815 ",," 3,369 ",
 YORKSHIRE AND THE HUMBER ,Doncaster,E08000017,UKE3102, 4 , 130 , 134 , 9 , 143 , 21 , 431 , 453 , 780 ," 1,233 "," 5,175 "," 3,864 "," 3,310 "," 2,826 "," 3,368 "," 2,845 "," 88,796 "," 9,389 "," 8,609 "," 2,913 ",," 3,493 ",
 YORKSHIRE AND THE HUMBER ,Rotherham ,E08000018,UKE3103, 4 , 113 , 117 , 7 , 124 , 18 , 362 , 380 , 617 , 996 ," 4,999 "," 3,657 "," 3,196 "," 2,764 "," 3,253 "," 2,780 "," 87,467 "," 9,230 "," 8,047 "," 2,841 ",," 3,425 ",
 YORKSHIRE AND THE HUMBER ,Sheffield,E08000019,UKE3200, 13 , 226 , 240 , 17 , 257 , 66 , 716 , 782 ," 1,405 "," 2,187 "," 4,982 "," 4,011 "," 3,163 "," 2,680 "," 3,264 "," 2,722 "," 82,185 "," 9,597 "," 8,518 "," 2,796 ",," 3,265 ",
 YORKSHIRE AND THE HUMBER ,Bradford ,E08000032,UKE4100, 16 , 199 , 214 , 16 , 230 , 81 , 672 , 752 , 998 ," 1,750 "," 5,212 "," 4,080 "," 3,383 "," 2,864 "," 3,515 "," 2,910 "," 63,370 "," 8,489 "," 7,616 "," 2,983 ",," 3,653 ",
 YORKSHIRE AND THE HUMBER ,Calderdale,E08000033,UKE4401, 7 , 88 , 95 , 7 , 102 , 39 , 300 , 339 , 474 , 813 ," 5,598 "," 4,596 "," 3,416 "," 2,846 "," 3,577 "," 2,916 "," 64,283 "," 8,729 "," 7,953 "," 2,997 ",," 3,664 ",
 YORKSHIRE AND THE HUMBER ,Kirklees ,E08000034,UKE4402, 10 , 173 , 183 , 13 , 197 , 54 , 580 , 633 , 847 ," 1,480 "," 5,147 "," 3,926 "," 3,349 "," 2,822 "," 3,451 "," 2,854 "," 63,940 "," 8,978 "," 7,525 "," 2,926 ",," 3,499 ",
 YORKSHIRE AND THE HUMBER ,Leeds ,E08000035,UKE4200, 34 , 313 , 347 , 26 , 372 , 175 ," 1,054 "," 1,230 "," 1,899 "," 3,129 "," 5,161 "," 4,228 "," 3,371 "," 2,838 "," 3,546 "," 2,908 "," 74,168 "," 10,319 "," 8,403 "," 2,991 ",," 3,710 ",
 YORKSHIRE AND THE HUMBER ,Wakefield,E08000036,UKE4500, 9 , 145 , 154 , 11 , 164 , 46 , 460 , 506 ," 1,120 "," 1,627 "," 5,252 "," 4,252 "," 3,173 "," 2,725 "," 3,291 "," 2,765 "," 105,817 "," 9,225 "," 9,894 "," 2,832 ",," 3,477 ",
 EAST MIDLANDS ,Derby,E06000015,UKF1100, 42 , 68 , 110 , 8 , 117 , 158 , 218 , 376 , 641 ," 1,017 "," 3,765 "," 3,064 "," 3,226 "," 2,765 "," 3,432 "," 2,873 "," 81,880 "," 11,237 "," 8,661 "," 2,950 ",," 3,554 ",
 EAST MIDLANDS ,Leicester,E06000016,UKF2100, 39 , 93 , 133 , 13 , 145 , 152 , 302 , 453 , 879 ," 1,333 "," 3,851 "," 3,022 "," 3,226 "," 2,676 "," 3,411 "," 2,770 "," 69,742 "," 9,797 "," 9,160 "," 2,873 ",," 3,484 ",
 EAST MIDLANDS ,Nottingham,E06000018,UKF1400, 39 , 93 , 131 , 12 , 143 , 154 , 295 , 450 , 780 ," 1,230 "," 4,007 "," 3,151 "," 3,185 "," 2,676 "," 3,427 "," 2,806 "," 64,936 "," 9,535 "," 8,586 "," 2,898 ",," 3,414 ",
 EAST MIDLANDS ,Rutland,E06000017,UKF2208, 7 , 9 , 17 , 2 , 19 , 38 , 36 , 74 , 262 , 336 ," 5,186 "," 3,790 "," 3,775 "," 3,043 "," 4,391 "," 3,332 "," 142,090 "," 9,632 "," 18,059 "," 3,455 ",," 4,661 ",
 EAST MIDLANDS ,Amber Valley,E07000032,UKF1301, 20 , 37 , 57 , 4 , 61 , 89 , 123 , 211 , 359 , 571 ," 4,423 "," 3,437 "," 3,359 "," 2,835 "," 3,737 "," 3,019 "," 87,762 "," 10,781 "," 9,405 "," 3,107 ",," 3,877 ",
 EAST MIDLANDS ,Bolsover,E07000033,UKF1201, 8 , 27 , 36 , 2 , 38 , 32 , 88 , 120 , 220 , 341 ," 3,878 "," 3,117 "," 3,233 "," 2,775 "," 3,385 "," 2,855 "," 105,159 "," 10,577 "," 9,058 "," 2,918 ",," 3,541 ",
 EAST MIDLANDS ,Chesterfield,E07000034,UKF1202, 13 , 36 , 49 , 4 , 53 , 48 , 108 , 156 , 231 , 387 ," 3,680 "," 3,012 "," 3,013 "," 2,597 "," 3,190 "," 2,691 "," 55,315 "," 8,300 "," 7,297 "," 2,764 ",," 3,256 ",
 EAST MIDLANDS ,Derbyshire Dales,E07000035,UKF1303, 14 , 20 , 34 , 5 , 38 , 74 , 70 , 143 , 262 , 405 ," 5,284 "," 3,862 "," 3,529 "," 2,834 "," 4,255 "," 3,195 "," 56,134 "," 9,178 "," 10,574 "," 3,365 ",," 4,549 ",
 EAST MIDLANDS ,Erewash,E07000036,UKF1304, 19 , 32 , 51 , 4 , 55 , 76 , 106 , 182 , 214 , 396 ," 3,969 "," 3,208 "," 3,296 "," 2,809 "," 3,548 "," 2,956 "," 58,975 "," 9,487 "," 7,201 "," 3,030 ",," 3,596 ",
 EAST MIDLANDS ,High Peak,E07000037,UKF1305, 4 , 38 , 41 , 4 , 45 , 22 , 134 , 156 , 581 , 737 ," 5,947 "," 4,331 "," 3,575 "," 3,031 "," 3,791 "," 3,102 "," 161,272 "," 9,679 "," 16,435 "," 3,203 ",," 3,904 ",
 EAST MIDLANDS ,North East Derbyshire,E07000038,UKF1203, 9 , 36 , 45 , 3 , 48 , 40 , 118 , 159 , 247 , 406 ," 4,281 "," 3,317 "," 3,332 "," 2,821 "," 3,530 "," 2,914 "," 83,169 "," 8,518 "," 8,472 "," 2,973 ",," 3,603 ",
 EAST MIDLANDS ,South Derbyshire,E07000039,UKF1302, 15 , 27 , 42 , 3 , 45 , 70 , 96 , 165 , 362 , 527 ," 4,598 "," 3,508 "," 3,557 "," 3,000 "," 3,932 "," 3,161 "," 131,830 "," 10,614 "," 11,769 "," 3,240 ",," 3,940 ",
 EAST MIDLANDS ,Blaby,E07000129,UKF2201, 16 , 25 , 42 , 2 , 44 , 68 , 88 , 156 , 202 , 357 ," 4,156 "," 3,387 "," 3,451 "," 2,943 "," 3,726 "," 3,110 "," 82,198 "," 14,805 "," 8,081 "," 3,188 ",," 3,880 ",
 EAST MIDLANDS ,Charnwood,E07000130,UKF2202, 27 , 46 , 73 , 5 , 78 , 112 , 151 , 263 , 428 , 691 ," 4,101 "," 3,265 "," 3,328 "," 2,797 "," 3,617 "," 2,964 "," 79,871 "," 10,976 "," 8,851 "," 3,048 ",," 3,669 ",
 EAST MIDLANDS ,Harborough,E07000131,UKF2203, 16 , 23 , 38 , 4 , 42 , 78 , 87 , 165 , 197 , 362 ," 4,993 "," 3,814 "," 3,851 "," 3,178 "," 4,316 "," 3,417 "," 54,820 "," 10,647 "," 8,652 "," 3,536 ",," 4,440 ",
 EAST MIDLANDS ,Hinckley and Bosworth,E07000132,UKF2204, 21 , 29 , 50 , 4 , 53 , 89 , 101 , 190 , 244 , 433 ," 4,297 "," 3,355 "," 3,477 "," 2,923 "," 3,817 "," 3,085 "," 66,062 "," 10,111 "," 8,114 "," 3,167 ",," 4,005 ",
 EAST MIDLANDS ,Melton,E07000133,UKF2205, 10 , 13 , 23 , 2 , 25 , 49 , 46 , 95 , 180 , 275 ," 4,886 "," 3,709 "," 3,651 "," 2,986 "," 4,195 "," 3,271 "," 82,307 "," 9,205 "," 11,082 "," 3,365 ",," 4,259 ",
 EAST MIDLANDS ,North West Leicestershire,E07000134,UKF2206, 16 , 27 , 43 , 4 , 47 , 77 , 95 , 171 , 384 , 555 ," 4,685 "," 3,583 "," 3,540 "," 2,994 "," 3,975 "," 3,198 "," 108,569 "," 11,489 "," 11,904 "," 3,297 ",," 4,206 ",
 EAST MIDLANDS ,Oadby and Wigston,E07000135,UKF2207, 9 , 14 , 23 , 2 , 25 , 35 , 48 , 83 , 101 , 184 ," 3,940 "," 3,194 "," 3,323 "," 2,812 "," 3,559 "," 2,942 "," 66,623 "," 11,572 "," 7,426 "," 3,016 ",," 3,851 ",
 EAST MIDLANDS ,Boston,E07000136,UKF3001, 12 , 17 , 29 , 3 , 32 , 56 , 62 , 118 , 198 , 316 ," 4,743 "," 3,611 "," 3,554 "," 2,911 "," 4,031 "," 3,161 "," 75,035 "," 9,575 "," 9,920 "," 3,255 ",," 4,109 ",
 EAST MIDLANDS ,East Lindsey,E07000137,UKF3002, 25 , 41 , 66 , 8 , 74 , 131 , 155 , 286 , 404 , 691 ," 5,308 "," 3,834 "," 3,741 "," 3,015 "," 4,328 "," 3,262 "," 51,248 "," 7,311 "," 9,329 "," 3,363 ",," 4,592 ",
 EAST MIDLANDS ,Lincoln,E07000138,UKF3003, 15 , 29 , 43 , 4 , 47 , 53 , 87 , 140 , 257 , 397 ," 3,632 "," 2,939 "," 3,026 "," 2,557 "," 3,231 "," 2,671 "," 69,284 "," 10,243 "," 8,446 "," 2,778 ",," 3,370 ",
 EAST MIDLANDS ,North Kesteven,E07000139,UKF3004, 20 , 30 , 50 , 4 , 54 , 95 , 106 , 202 , 270 , 471 ," 4,740 "," 3,533 "," 3,545 "," 2,975 "," 4,026 "," 3,172 "," 65,760 "," 8,463 "," 8,700 "," 3,249 ",," 4,160 ",
 EAST MIDLANDS ,South Holland,E07000140,UKF3005, 17 , 23 , 40 , 4 , 44 , 87 , 87 , 174 , 330 , 504 ," 4,981 "," 3,730 "," 3,840 "," 3,112 "," 4,335 "," 3,346 "," 85,760 "," 8,629 "," 11,457 "," 3,447 ",," 4,471 ",
 EAST MIDLANDS ,South Kesteven,E07000141,UKF3006, 25 , 38 , 62 , 6 , 68 , 125 , 134 , 258 , 392 , 650 ," 5,019 "," 3,754 "," 3,560 "," 2,966 "," 4,142 "," 3,227 "," 71,173 "," 9,663 "," 9,573 "," 3,325 ",," 4,248 ",
 EAST MIDLANDS ,West Lindsey,E07000142,UKF3007, 9 , 33 , 42 , 4 , 46 , 46 , 122 , 168 , 204 , 372 ," 5,142 "," 3,785 "," 3,680 "," 3,069 "," 3,990 "," 3,187 "," 50,565 "," 6,156 "," 8,072 "," 3,246 ",," 4,152 ",
 EAST MIDLANDS ,Corby,E07000150,UKF2501, 6 , 23 , 29 , 2 , 31 , 24 , 76 , 100 , 346 , 445 ," 4,078 "," 3,270 "," 3,331 "," 2,933 "," 3,482 "," 2,992 "," 155,964 "," 12,285 "," 14,439 "," 3,065 ",," 3,583 ",
 EAST MIDLANDS ,Daventry,E07000151,UKF2401, 15 , 20 , 35 , 3 , 39 , 83 , 85 , 168 , 264 , 432 ," 5,571 "," 4,096 "," 4,179 "," 3,380 "," 4,768 "," 3,635 "," 79,091 "," 11,414 "," 11,194 "," 3,747 ",," 5,084 ",
 EAST MIDLANDS ,East Northamptonshire,E07000152,UKF2502, 14 , 26 , 40 , 3 , 43 , 69 , 96 , 166 , 197 , 362 ," 5,009 "," 3,773 "," 3,707 "," 3,070 "," 4,158 "," 3,273 "," 68,889 "," 9,928 "," 8,496 "," 3,352 ",," 4,400 ",
 EAST MIDLANDS ,Kettering,E07000153,UKF2503, 14 , 30 , 44 , 3 , 47 , 61 , 105 , 165 , 240 , 405 ," 4,447 "," 3,491 "," 3,457 "," 2,915 "," 3,764 "," 3,073 "," 77,130 "," 10,390 "," 8,607 "," 3,143 ",," 3,922 ",
 EAST MIDLANDS ,Northampton,E07000154,UKF2402, 32 , 65 , 97 , 7 , 104 , 130 , 221 , 351 , 559 , 910 ," 4,045 "," 3,238 "," 3,392 "," 2,873 "," 3,607 "," 2,982 "," 79,050 "," 10,657 "," 8,713 "," 3,054 ",," 3,702 ",
 EAST MIDLANDS ,South Northamptonshire,E07000155,UKF2403, 16 , 23 , 38 , 3 , 42 , 88 , 94 , 182 , 232 , 414 ," 5,674 "," 4,203 "," 4,130 "," 3,374 "," 4,755 "," 3,656 "," 71,188 "," 11,750 "," 9,948 "," 3,761 ",," 4,958 ",
 EAST MIDLANDS ,Wellingborough,E07000156,UKF2504, 11 , 24 , 35 , 3 , 37 , 47 , 80 , 128 , 236 , 363 ," 4,336 "," 3,365 "," 3,397 "," 2,886 "," 3,694 "," 3,027 "," 84,279 "," 11,673 "," 9,729 "," 3,114 ",," 3,869 ",
 EAST MIDLANDS ,Ashfield,E07000170,UKF1501, 14 , 41 , 55 , 3 , 58 , 57 , 136 , 192 , 377 , 569 ," 3,994 "," 3,193 "," 3,305 "," 2,834 "," 3,482 "," 2,918 "," 114,060 "," 11,143 "," 9,728 "," 2,985 ",," 3,591 ",
 EAST MIDLANDS ,Bassetlaw,E07000171,UKF1502, 14 , 37 , 51 , 4 , 56 , 65 , 131 , 195 , 349 , 545 ," 4,662 "," 3,528 "," 3,500 "," 2,951 "," 3,815 "," 3,080 "," 77,796 "," 8,913 "," 9,772 "," 3,166 ",," 3,965 ",
 EAST MIDLANDS ,Broxtowe,E07000172,UKF1601, 17 , 33 , 49 , 3 , 53 , 68 , 107 , 174 , 159 , 333 ," 4,037 "," 3,306 "," 3,261 "," 2,791 "," 3,524 "," 2,953 "," 50,409 "," 8,097 "," 6,331 "," 3,006 ",," 3,582 ",
 EAST MIDLANDS ,Gedling,E07000173,UKF1602, 19 , 33 , 52 , 3 , 55 , 82 , 113 , 195 , 149 , 344 ," 4,244 "," 3,432 "," 3,420 "," 2,914 "," 3,725 "," 3,090 "," 54,400 "," 9,556 "," 6,245 "," 3,140 ",," 3,801 ",
 EAST MIDLANDS ,Mansfield,E07000174,UKF1503, 12 , 37 , 49 , 3 , 52 , 45 , 116 , 161 , 228 , 390 ," 3,737 "," 3,036 "," 3,172 "," 2,727 "," 3,311 "," 2,805 "," 71,050 "," 10,355 "," 7,510 "," 2,866 ",," 3,464 ",
 EAST MIDLANDS ,Newark and Sherwood,E07000175,UKF1504, 18 , 35 , 53 , 5 , 57 , 83 , 125 , 208 , 320 , 528 ," 4,619 "," 3,500 "," 3,585 "," 2,968 "," 3,936 "," 3,130 "," 69,934 "," 9,623 "," 9,200 "," 3,232 ",," 4,063 ",
 EAST MIDLANDS ,Rushcliffe,E07000176,UKF1603, 19 , 30 , 49 , 3 , 52 , 86 , 108 , 194 , 215 , 409 ," 4,574 "," 3,566 "," 3,577 "," 2,981 "," 3,961 "," 3,186 "," 64,687 "," 9,025 "," 7,830 "," 3,253 ",," 4,026 ",
 WEST MIDLANDS ,"Herefordshire, County of",E06000019,UKG1100, 15 , 67 , 82 , 11 , 93 , 100 , 265 , 365 , 592 , 957 ," 6,518 "," 5,174 "," 3,956 "," 3,200 "," 4,434 "," 3,414 "," 56,102 "," 6,813 "," 10,311 "," 3,521 ",," 4,452 ",
 WEST MIDLANDS ,Shropshire,E06000051,UKG2200, 20 , 118 , 138 , 16 , 155 , 131 , 448 , 579 , 834 ," 1,413 "," 6,521 "," 5,083 "," 3,795 "," 3,108 "," 4,191 "," 3,265 "," 50,851 "," 7,503 "," 9,141 "," 3,375 ",," 4,274 ",
 WEST MIDLANDS ,Stoke-on-Trent,E06000021,UKG2300, 9 , 104 , 113 , 8 , 121 , 43 , 329 , 371 , 565 , 937 ," 4,719 "," 3,668 "," 3,157 "," 2,748 "," 3,282 "," 2,791 "," 69,457 "," 8,769 "," 7,723 "," 2,855 ",," 3,397 ",
 WEST MIDLANDS ,Telford and Wrekin,E06000020,UKG2100, 6 , 67 , 73 , 5 , 79 , 29 , 228 , 258 , 598 , 856 ," 4,908 "," 3,729 "," 3,386 "," 2,935 "," 3,510 "," 2,975 "," 110,327 "," 9,933 "," 10,850 "," 3,048 ",," 3,714 ",
 WEST MIDLANDS ,Cannock Chase,E07000192,UKG2401, 5 , 38 , 43 , 3 , 46 , 23 , 136 , 159 , 185 , 345 ," 5,116 "," 4,180 "," 3,583 "," 3,126 "," 3,748 "," 3,203 "," 58,309 "," 9,775 "," 7,543 "," 3,282 ",," 3,774 ",
 WEST MIDLANDS ,East Staffordshire,E07000193,UKG2402, 20 , 30 , 50 , 5 , 55 , 87 , 107 , 194 , 467 , 661 ," 4,383 "," 3,379 "," 3,510 "," 2,906 "," 3,856 "," 3,075 "," 101,560 "," 11,305 "," 12,029 "," 3,181 ",," 3,936 ",
 WEST MIDLANDS ,Lichfield,E07000194,UKG2403, 6 , 37 , 44 , 4 , 47 , 35 , 144 , 180 , 245 , 425 ," 5,580 "," 4,216 "," 3,854 "," 3,209 "," 4,104 "," 3,322 "," 67,336 "," 9,243 "," 8,963 "," 3,398 ",," 4,190 ",
 WEST MIDLANDS ,Newcastle-under-Lyme,E07000195,UKG2404, 5 , 50 , 55 , 4 , 59 , 25 , 170 , 195 , 264 , 459 ," 5,234 "," 3,968 "," 3,378 "," 2,900 "," 3,537 "," 2,958 "," 71,222 "," 8,662 "," 7,794 "," 3,020 ",," 3,582 ",
 WEST MIDLANDS ,South Staffordshire,E07000196,UKG2405, 5 , 42 , 46 , 3 , 49 , 26 , 161 , 187 , 253 , 440 ," 5,747 "," 4,237 "," 3,851 "," 3,233 "," 4,036 "," 3,300 "," 82,228 "," 9,585 "," 8,913 "," 3,369 ",," 4,002 ",
 WEST MIDLANDS ,Stafford,E07000197,UKG2406, 8 , 50 , 59 , 5 , 64 , 45 , 183 , 228 , 317 , 545 ," 5,362 "," 4,030 "," 3,637 "," 3,056 "," 3,883 "," 3,149 "," 63,164 "," 9,468 "," 8,552 "," 3,236 ",," 3,951 ",
 WEST MIDLANDS ,Staffordshire Moorlands,E07000198,UKG2407, 4 , 39 , 44 , 4 , 47 , 26 , 143 , 169 , 324 , 494 ," 5,983 "," 4,318 "," 3,654 "," 3,046 "," 3,889 "," 3,132 "," 82,796 "," 7,576 "," 10,399 "," 3,213 ",," 3,971 ",
 WEST MIDLANDS ,Tamworth,E07000199,UKG2408, 11 , 21 , 32 , 2 , 34 , 48 , 76 , 124 , 194 , 318 ," 4,330 "," 3,586 "," 3,576 "," 3,121 "," 3,835 "," 3,261 "," 88,209 "," 12,396 "," 9,208 "," 3,342 ",," 3,823 ",
 WEST MIDLANDS ,North Warwickshire,E07000218,UKG1301, 9 , 19 , 28 , 3 , 31 , 44 , 71 , 115 , 429 , 544 ," 4,874 "," 3,762 "," 3,780 "," 3,191 "," 4,135 "," 3,346 "," 161,030 "," 11,869 "," 17,819 "," 3,455 ",," 4,350 ",
 WEST MIDLANDS ,Nuneaton and Bedworth,E07000219,UKG1302, 20 , 36 , 57 , 4 , 60 , 83 , 124 , 207 , 227 , 433 ," 4,096 "," 3,349 "," 3,401 "," 2,906 "," 3,648 "," 3,058 "," 64,606 "," 11,068 "," 7,203 "," 3,124 ",," 3,809 ",
 WEST MIDLANDS ,Rugby,E07000220,UKG1303, 17 , 29 , 46 , 4 , 49 , 76 , 105 , 181 , 501 , 682 ," 4,587 "," 3,524 "," 3,623 "," 3,027 "," 3,974 "," 3,183 "," 136,673 "," 10,945 "," 13,839 "," 3,274 ",," 4,126 ",
 WEST MIDLANDS ,Stratford-on-Avon,E07000221,UKG1304, 15 , 41 , 57 , 6 , 63 , 100 , 174 , 274 , 358 , 632 ," 6,461 "," 4,802 "," 4,217 "," 3,251 "," 4,830 "," 3,553 "," 56,368 "," 8,970 "," 10,033 "," 3,678 ",," 5,094 ",
 WEST MIDLANDS ,Warwick,E07000222,UKG1305, 24 , 38 , 62 , 6 , 68 , 115 , 136 , 251 , 380 , 631 ," 4,781 "," 3,685 "," 3,547 "," 2,933 "," 4,022 "," 3,175 "," 65,179 "," 9,390 "," 9,252 "," 3,264 ",," 4,136 ",
 WEST MIDLANDS ,Birmingham,E08000025,UKG3100, 55 , 375 , 430 , 36 , 466 , 277 ," 1,320 "," 1,597 "," 2,489 "," 4,085 "," 5,067 "," 4,127 "," 3,521 "," 2,971 "," 3,717 "," 3,066 "," 68,437 "," 8,551 "," 8,769 "," 3,150 ",," 3,703 ",
 WEST MIDLANDS ,Coventry,E08000026,UKG3300, 40 , 99 , 139 , 9 , 148 , 167 , 324 , 492 , 789 ," 1,281 "," 4,168 "," 3,309 "," 3,292 "," 2,806 "," 3,545 "," 2,930 "," 89,088 "," 11,210 "," 8,680 "," 3,005 ",," 3,472 ",
 WEST MIDLANDS ,Dudley ,E08000027,UKG3600, 15 , 121 , 136 , 10 , 146 , 73 , 424 , 498 , 515 ," 1,012 "," 4,803 "," 3,831 "," 3,500 "," 3,045 "," 3,645 "," 3,107 "," 52,250 "," 8,199 "," 6,918 "," 3,167 ",," 3,764 ",
 WEST MIDLANDS ,Sandwell ,E08000028,UKG3700, 14 , 117 , 131 , 10 , 142 , 70 , 391 , 461 , 780 ," 1,242 "," 4,869 "," 3,812 "," 3,350 "," 2,878 "," 3,517 "," 2,944 "," 74,698 "," 8,995 "," 8,770 "," 3,011 ",," 3,616 ",
 WEST MIDLANDS ,Solihull,E08000029,UKG3200, 12 , 79 , 91 , 6 , 97 , 64 , 302 , 366 , 614 , 979 ," 5,169 "," 4,089 "," 3,836 "," 3,284 "," 4,017 "," 3,360 "," 106,327 "," 9,529 "," 10,119 "," 3,421 ",," 4,123 ",
 WEST MIDLANDS ,Walsall,E08000030,UKG3800, 12 , 103 , 115 , 9 , 123 , 60 , 369 , 429 , 529 , 958 ," 5,102 "," 4,080 "," 3,576 "," 3,079 "," 3,733 "," 3,146 "," 61,632 "," 7,295 "," 7,760 "," 3,198 ",," 3,838 ",
 WEST MIDLANDS ,Wolverhampton,E08000031,UKG3900, 14 , 94 , 108 , 8 , 117 , 72 , 325 , 397 , 532 , 929 ," 5,282 "," 4,233 "," 3,437 "," 2,957 "," 3,669 "," 3,055 "," 62,803 "," 8,468 "," 7,971 "," 3,118 ",," 3,765 ",
 WEST MIDLANDS ,Bromsgrove,E07000234,UKG1201, 4 , 37 , 41 , 3 , 44 , 26 , 145 , 171 , 153 , 324 ," 5,951 "," 4,737 "," 3,977 "," 3,343 "," 4,188 "," 3,435 "," 45,898 "," 8,793 "," 7,329 "," 3,519 ",," 4,339 ",
 WEST MIDLANDS ,Malvern Hills,E07000235,UKG1202, 6 , 29 , 35 , 3 , 38 , 39 , 117 , 156 , 137 , 293 ," 6,690 "," 5,114 "," 4,073 "," 3,280 "," 4,515 "," 3,452 "," 39,196 "," 7,591 "," 7,696 "," 3,548 ",," 4,651 ",
 WEST MIDLANDS ,Redditch,E07000236,UKG1203, 3 , 33 , 36 , 2 , 39 , 16 , 117 , 133 , 221 , 355 ," 4,856 "," 3,862 "," 3,582 "," 3,108 "," 3,698 "," 3,156 "," 90,270 "," 11,512 "," 9,207 "," 3,228 ",," 3,750 ",
 WEST MIDLANDS ,Worcester,E07000237,UKG1204, 6 , 40 , 45 , 4 , 49 , 28 , 136 , 164 , 246 , 410 ," 4,926 "," 4,045 "," 3,428 "," 2,936 "," 3,616 "," 3,033 "," 69,336 "," 8,233 "," 8,380 "," 3,102 ",," 3,750 ",
 WEST MIDLANDS ,Wychavon,E07000238,UKG1205, 9 , 45 , 54 , 5 , 59 , 58 , 184 , 242 , 394 , 635 ," 6,378 "," 4,922 "," 4,078 "," 3,301 "," 4,463 "," 3,473 "," 73,444 "," 8,919 "," 10,679 "," 3,572 ",," 4,687 ",
 WEST MIDLANDS ,Wyre Forest,E07000239,UKG1206, 5 , 40 , 45 , 4 , 49 , 28 , 148 , 176 , 197 , 373 ," 5,345 "," 4,169 "," 3,715 "," 3,116 "," 3,906 "," 3,200 "," 56,229 "," 8,062 "," 7,679 "," 3,261 ",," 4,012 ",
 EAST ,Bedford,E06000055,UKH2400, 20 , 52 , 72 , 6 , 78 , 101 , 185 , 286 , 415 , 701 ," 5,003 "," 3,752 "," 3,554 "," 2,932 "," 3,958 "," 3,112 "," 71,327 "," 9,514 "," 8,982 "," 3,192 ",," 4,136 ",
 EAST ,Central Bedfordshire,E06000056,UKH2500, 32 , 84 , 116 , 8 , 124 , 160 , 315 , 475 , 577 ," 1,052 "," 5,048 "," 3,860 "," 3,739 "," 3,126 "," 4,096 "," 3,292 "," 68,007 "," 9,156 "," 8,459 "," 3,361 ",," 4,125 ",
 EAST ,Luton,E06000032,UKH2100, 19 , 59 , 78 , 5 , 83 , 82 , 205 , 287 , 411 , 697 ," 4,408 "," 3,443 "," 3,441 "," 2,903 "," 3,671 "," 3,007 "," 76,539 "," 9,525 "," 8,362 "," 3,070 ",," 3,559 ",
 EAST ,Peterborough,E06000031,UKH1100, 22 , 60 , 83 , 7 , 89 , 93 , 202 , 295 , 593 , 887 ," 4,205 "," 3,268 "," 3,339 "," 2,807 "," 3,571 "," 2,921 "," 87,260 "," 9,777 "," 9,936 "," 2,997 ",," 3,726 ",
 EAST ,Southend-on-Sea,E06000033,UKH3100, 21 , 59 , 80 , 7 , 87 , 92 , 212 , 304 , 301 , 605 ," 4,331 "," 3,461 "," 3,588 "," 3,007 "," 3,785 "," 3,111 "," 45,274 "," 8,188 "," 6,956 "," 3,191 ",," 3,875 ",
 EAST ,Thurrock,E06000034,UKH3200, 20 , 47 , 68 , 5 , 72 , 100 , 180 , 280 , 676 , 956 ," 4,901 "," 4,096 "," 3,801 "," 3,228 "," 4,133 "," 3,439 "," 148,168 "," 10,390 "," 13,222 "," 3,510 ",," 4,228 ",
 EAST ,Cambridge,E07000008,UKH1201, 14 , 39 , 53 , 6 , 59 , 57 , 122 , 179 , 553 , 732 ," 4,164 "," 3,235 "," 3,122 "," 2,494 "," 3,394 "," 2,653 "," 89,266 "," 9,905 "," 12,405 "," 2,774 ",," 3,600 ",
 EAST ,East Cambridgeshire,E07000009,UKH1202, 11 , 26 , 37 , 4 , 41 , 66 , 99 , 164 , 217 , 382 ," 5,815 "," 4,291 "," 3,830 "," 3,135 "," 4,434 "," 3,402 "," 60,556 "," 8,095 "," 9,390 "," 3,490 ",," 4,469 ",
 EAST ,Fenland,E07000010,UKH1203, 13 , 31 , 44 , 4 , 48 , 68 , 119 , 188 , 321 , 509 ," 5,155 "," 3,915 "," 3,849 "," 3,151 "," 4,240 "," 3,335 "," 80,496 "," 8,157 "," 10,543 "," 3,414 ",," 4,372 ",
 EAST ,Huntingdonshire,E07000011,UKH1204, 24 , 51 , 75 , 7 , 82 , 119 , 192 , 310 , 518 , 828 ," 4,969 "," 3,726 "," 3,731 "," 3,094 "," 4,124 "," 3,261 "," 75,322 "," 8,753 "," 10,090 "," 3,340 ",," 4,205 ",
 EAST ,South Cambridgeshire,E07000012,UKH1205, 20 , 45 , 65 , 6 , 71 , 117 , 179 , 296 , 486 , 782 ," 5,841 "," 4,317 "," 3,944 "," 3,189 "," 4,524 "," 3,447 "," 84,107 "," 9,874 "," 10,987 "," 3,540 ",," 4,601 ",
 EAST ,Basildon,E07000066,UKH3301, 20 , 58 , 78 , 6 , 84 , 96 , 219 , 316 , 442 , 757 ," 4,883 "," 3,870 "," 3,774 "," 3,182 "," 4,055 "," 3,331 "," 75,777 "," 9,781 "," 9,053 "," 3,395 ",," 4,092 ",
 EAST ,Braintree,E07000067,UKH3302, 20 , 43 , 64 , 6 , 69 , 110 , 168 , 278 , 281 , 560 ," 5,453 "," 4,219 "," 3,880 "," 3,183 "," 4,381 "," 3,438 "," 50,333 "," 8,864 "," 8,095 "," 3,521 ",," 4,337 ",
 EAST ,Brentwood,E07000068,UKH3303, 8 , 25 , 33 , 3 , 36 , 42 , 106 , 148 , 136 , 284 ," 5,440 "," 4,222 "," 4,191 "," 3,323 "," 4,484 "," 3,504 "," 48,734 "," 10,895 "," 7,936 "," 3,622 ",," 4,593 ",
 EAST ,Castle Point,E07000069,UKH3304, 9 , 28 , 38 , 2 , 40 , 47 , 116 , 162 , 84 , 246 ," 5,012 "," 4,063 "," 4,060 "," 3,449 "," 4,294 "," 3,581 "," 37,568 "," 9,513 "," 6,147 "," 3,649 ",," 4,338 ",
 EAST ,Chelmsford,E07000070,UKH3305, 22 , 52 , 74 , 6 , 80 , 116 , 206 , 322 , 393 , 715 ," 5,274 "," 4,155 "," 3,978 "," 3,277 "," 4,366 "," 3,480 "," 67,046 "," 10,165 "," 8,976 "," 3,563 ",," 4,407 ",
 EAST ,Colchester,E07000071,UKH3306, 23 , 56 , 79 , 7 , 86 , 114 , 203 , 317 , 371 , 688 ," 4,954 "," 3,884 "," 3,616 "," 2,989 "," 4,004 "," 3,188 "," 53,641 "," 7,608 "," 7,994 "," 3,257 ",," 4,125 ",
 EAST ,Epping Forest,E07000072,UKH3307, 11 , 45 , 55 , 5 , 61 , 61 , 196 , 257 , 199 , 456 ," 5,676 "," 4,313 "," 4,392 "," 3,462 "," 4,641 "," 3,588 "," 39,157 "," 7,976 "," 7,531 "," 3,667 ",," 4,693 ",
 EAST ,Harlow,E07000073,UKH3308, 9 , 28 , 37 , 3 , 40 , 33 , 96 , 129 , 227 , 356 ," 3,846 "," 3,061 "," 3,401 "," 2,925 "," 3,506 "," 2,954 "," 77,219 "," 7,978 "," 8,956 "," 3,003 ",," 3,570 ",
 EAST ,Maldon,E07000074,UKH3309, 9 , 18 , 28 , 3 , 30 , 56 , 80 , 136 , 130 , 266 ," 6,058 "," 4,667 "," 4,382 "," 3,474 "," 4,950 "," 3,801 "," 48,977 "," 8,580 "," 8,811 "," 3,900 ",," 5,060 ",
 EAST ,Rochford,E07000075,UKH3310, 9 , 26 , 35 , 2 , 37 , 44 , 108 , 151 , 121 , 272 ," 5,000 "," 4,032 "," 4,083 "," 3,456 "," 4,311 "," 3,579 "," 50,803 "," 9,466 "," 7,257 "," 3,656 ",," 4,355 ",
 EAST ,Tendring,E07000076,UKH3311, 20 , 48 , 69 , 5 , 74 , 101 , 171 , 272 , 226 , 498 ," 5,013 "," 3,896 "," 3,523 "," 2,892 "," 3,961 "," 3,111 "," 41,205 "," 7,377 "," 6,711 "," 3,183 ",," 4,263 ",
 EAST ,Uttlesford,E07000077,UKH3312, 10 , 25 , 36 , 4 , 40 , 65 , 113 , 177 , 222 , 399 ," 6,213 "," 4,539 "," 4,430 "," 3,469 "," 4,948 "," 3,720 "," 60,284 "," 9,628 "," 10,098 "," 3,829 ",," 5,166 ",
 EAST ,Broxbourne,E07000095,UKH2301, 11 , 29 , 41 , 3 , 44 , 54 , 113 , 167 , 249 , 416 ," 4,787 "," 3,941 "," 3,858 "," 3,285 "," 4,115 "," 3,424 "," 79,675 "," 8,804 "," 9,512 "," 3,485 ",," 4,216 ",
 EAST ,Dacorum,E07000096,UKH2302, 15 , 49 , 64 , 5 , 69 , 74 , 187 , 262 , 352 , 614 ," 5,066 "," 3,915 "," 3,824 "," 3,135 "," 4,110 "," 3,281 "," 67,474 "," 8,415 "," 8,910 "," 3,342 ",," 4,100 ",
 EAST ,East Hertfordshire,E07000242,UKH2313, 20 , 42 , 62 , 6 , 68 , 112 , 175 , 287 , 237 , 524 ," 5,655 "," 4,314 "," 4,151 "," 3,327 "," 4,632 "," 3,585 "," 42,433 "," 9,297 "," 7,760 "," 3,680 ",," 4,701 ",
 EAST ,Hertsmere,E07000098,UKH2304, 11 , 32 , 43 , 4 , 46 , 55 , 133 , 188 , 260 , 448 ," 4,982 "," 3,864 "," 4,176 "," 3,336 "," 4,384 "," 3,458 "," 73,172 "," 10,456 "," 9,653 "," 3,549 ",," 4,497 ",
 EAST ,North Hertfordshire,E07000099,UKH2305, 15 , 42 , 57 , 5 , 62 , 77 , 158 , 235 , 282 , 516 ," 5,280 "," 4,163 "," 3,756 "," 3,086 "," 4,147 "," 3,299 "," 53,277 "," 9,732 "," 8,345 "," 3,400 ",," 4,134 ",
 EAST ,St Albans,E07000240,UKH2311, 12 , 47 , 60 , 5 , 64 , 63 , 192 , 255 , 226 , 481 ," 5,169 "," 4,134 "," 4,039 "," 3,313 "," 4,271 "," 3,457 "," 47,264 "," 9,745 "," 7,464 "," 3,541 ",," 4,318 ",
 EAST ,Stevenage,E07000243,UKH2314, 6 , 30 , 37 , 3 , 39 , 27 , 103 , 130 , 248 , 378 ," 4,311 "," 3,567 "," 3,389 "," 2,919 "," 3,548 "," 3,010 "," 96,427 "," 9,317 "," 9,633 "," 3,054 ",," 3,522 ",
 EAST ,Three Rivers,E07000102,UKH2308, 9 , 28 , 37 , 3 , 40 , 49 , 119 , 168 , 168 , 337 ," 5,190 "," 4,056 "," 4,282 "," 3,461 "," 4,513 "," 3,592 "," 63,081 "," 9,645 "," 8,428 "," 3,668 ",," 4,530 ",
 EAST ,Watford,E07000103,UKH2309, 11 , 29 , 40 , 4 , 43 , 48 , 101 , 149 , 337 , 486 ," 4,367 "," 3,583 "," 3,551 "," 2,916 "," 3,779 "," 3,066 "," 94,651 "," 9,475 "," 11,283 "," 3,159 ",," 3,738 ",
 EAST ,Welwyn Hatfield,E07000241,UKH2312, 10 , 37 , 47 , 4 , 51 , 47 , 141 , 187 , 434 , 621 ," 4,805 "," 3,729 "," 3,760 "," 3,067 "," 3,976 "," 3,179 "," 119,953 "," 9,286 "," 12,238 "," 3,248 ",," 3,966 ",
 EAST ,Breckland,E07000143,UKH1301, 23 , 37 , 60 , 6 , 66 , 126 , 145 , 270 , 322 , 592 ," 5,540 "," 4,128 "," 3,883 "," 3,154 "," 4,510 "," 3,442 "," 54,533 "," 9,500 "," 9,003 "," 3,547 ",," 4,684 ",
 EAST ,Broadland,E07000144,UKH1302, 17 , 40 , 57 , 4 , 61 , 89 , 146 , 236 , 242 , 478 ," 5,308 "," 3,857 "," 3,658 "," 3,036 "," 4,147 "," 3,236 "," 58,640 "," 8,589 "," 7,837 "," 3,308 ",," 4,278 ",
 EAST ,Great Yarmouth,E07000145,UKH1303, 16 , 30 , 45 , 4 , 50 , 77 , 105 , 182 , 186 , 368 ," 4,972 "," 3,566 "," 3,511 "," 2,917 "," 4,012 "," 3,105 "," 42,945 "," 8,283 "," 7,400 "," 3,192 ",," 4,181 ",
 EAST ,King’s Lynn and West Norfolk,E07000146,UKH1308, 29 , 43 , 72 , 7 , 79 , 170 , 171 , 341 , 711 ," 1,052 "," 5,872 "," 4,368 "," 3,950 "," 3,082 "," 4,721 "," 3,483 "," 106,475 "," 8,704 "," 13,325 "," 3,592 ",," 5,242 ",
 EAST ,North Norfolk,E07000147,UKH1305, 23 , 32 , 55 , 6 , 61 , 133 , 117 , 250 , 248 , 498 ," 5,865 "," 4,239 "," 3,637 "," 2,837 "," 4,557 "," 3,268 "," 41,280 "," 7,079 "," 8,181 "," 3,370 ",," 5,215 ",
 EAST ,Norwich,E07000148,UKH1306, 17 , 49 , 65 , 7 , 72 , 64 , 142 , 205 , 390 , 596 ," 3,851 "," 2,902 "," 2,914 "," 2,428 "," 3,152 "," 2,521 "," 54,626 "," 7,515 "," 8,241 "," 2,606 ",," 3,232 ",
 EAST ,South Norfolk,E07000149,UKH1309, 21 , 38 , 59 , 5 , 64 , 127 , 144 , 270 , 280 , 550 ," 5,920 "," 4,321 "," 3,803 "," 3,081 "," 4,569 "," 3,413 "," 54,904 "," 8,240 "," 8,563 "," 3,499 ",," 4,770 ",
 EAST ,Babergh,E07000200,UKH1401, 14 , 25 , 40 , 4 , 44 , 86 , 98 , 184 , 206 , 389 ," 5,912 "," 4,346 "," 3,881 "," 3,103 "," 4,619 "," 3,439 "," 53,028 "," 8,137 "," 8,914 "," 3,554 ",," 4,712 ",
 EAST ,Forest Heath,E07000201,UKH1402, 10 , 18 , 28 , 3 , 31 , 58 , 68 , 126 , 268 , 394 ," 5,864 "," 4,118 "," 3,671 "," 2,933 "," 4,434 "," 3,239 "," 85,235 "," 10,107 "," 12,504 "," 3,373 ",," 4,702 ",
 EAST ,Ipswich,E07000202,UKH1403, 19 , 42 , 61 , 5 , 66 , 83 , 137 , 220 , 265 , 486 ," 4,413 "," 3,438 "," 3,281 "," 2,796 "," 3,632 "," 2,959 "," 54,422 "," 9,913 "," 7,408 "," 3,043 ",," 3,714 ",
 EAST ,Mid Suffolk,E07000203,UKH1408, 17 , 26 , 43 , 4 , 47 , 108 , 104 , 212 , 248 , 460 ," 6,153 "," 4,535 "," 4,046 "," 3,252 "," 4,898 "," 3,656 "," 59,724 "," 8,602 "," 9,709 "," 3,751 ",," 4,945 ",
 EAST ,St Edmundsbury,E07000204,UKH1409, 16 , 32 , 48 , 5 , 53 , 84 , 116 , 200 , 318 , 517 ," 5,309 "," 3,920 "," 3,597 "," 2,959 "," 4,158 "," 3,197 "," 67,517 "," 10,192 "," 9,813 "," 3,311 ",," 4,192 ",
 EAST ,Suffolk Coastal,E07000205,UKH1406, 21 , 39 , 60 , 6 , 66 , 125 , 144 , 269 , 316 , 585 ," 5,911 "," 4,323 "," 3,666 "," 2,983 "," 4,452 "," 3,323 "," 55,614 "," 8,210 "," 8,847 "," 3,419 ",," 4,879 ",
 EAST ,Waveney,E07000206,UKH1407, 18 , 38 , 56 , 5 , 61 , 86 , 126 , 212 , 304 , 516 ," 4,738 "," 3,490 "," 3,339 "," 2,821 "," 3,793 "," 2,996 "," 64,729 "," 7,757 "," 8,524 "," 3,073 ",," 4,084 ",
 INNER LONDON ,Camden,E09000007,UKI1102, 7 , 97 , 104 , 25 , 129 , 34 , 317 , 350 ," 1,316 "," 1,666 "," 5,150 "," 3,742 "," 3,260 "," 2,293 "," 3,379 "," 2,341 "," 52,204 "," 5,253 "," 12,925 "," 2,464 ",," 3,199 ",
 INNER LONDON ,City of London,E09000001,UKI1101, 1 , 6 , 7 , 7 , 14 , 5 , 22 , 27 ," 2,150 "," 2,176 "," 5,075 "," 4,220 "," 3,891 "," 2,849 "," 4,071 "," 3,040 "," 299,458 "," 21,457 "," 158,341 "," 5,606 ",," 5,346 ",
 INNER LONDON ,Hackney ,E09000012,UKI1201, 8 , 100 , 108 , 16 , 125 , 39 , 306 , 346 , 547 , 893 ," 4,771 "," 3,680 "," 3,056 "," 2,343 "," 3,186 "," 2,402 "," 33,561 "," 5,071 "," 7,156 "," 2,490 ",," 2,991 ",
 INNER LONDON ,Hammersmith and Fulham ,E09000013,UKI1103, 6 , 80 , 86 , 13 , 99 , 32 , 254 , 285 , 651 , 936 ," 5,228 "," 4,269 "," 3,184 "," 2,360 "," 3,328 "," 2,432 "," 48,548 "," 3,483 "," 9,442 "," 2,466 ",," 3,454 ",
 INNER LONDON ,Haringey,E09000014,UKI1202, 26 , 82 , 108 , 9 , 118 , 96 , 269 , 365 , 392 , 757 ," 3,658 "," 2,633 "," 3,279 "," 2,550 "," 3,371 "," 2,571 "," 41,613 "," 6,932 "," 6,436 "," 2,627 ",," 3,180 ",
 INNER LONDON ,Islington,E09000019,UKI1203, 7 , 97 , 104 , 18 , 121 , 36 , 282 , 319 , 805 ," 1,124 "," 5,557 "," 4,624 "," 2,912 "," 2,245 "," 3,080 "," 2,315 "," 45,346 "," 4,715 "," 9,267 "," 2,385 ",," 3,014 ",
 INNER LONDON ,Kensington and Chelsea,E09000020,UKI1104, 6 , 82 , 88 , 19 , 107 , 36 , 335 , 372 ," 1,080 "," 1,451 "," 5,660 "," 3,996 "," 4,092 "," 2,487 "," 4,206 "," 2,557 "," 58,155 "," 3,510 "," 13,576 "," 2,608 ",," 4,692 ",
 INNER LONDON ,Lambeth ,E09000022,UKI1204, 9 , 131 , 140 , 18 , 157 , 49 , 393 , 442 , 636 ," 1,077 "," 5,614 "," 4,611 "," 2,998 "," 2,343 "," 3,161 "," 2,411 "," 36,165 "," 3,494 "," 6,848 "," 2,442 ",," 3,081 ",
 INNER LONDON ,Lewisham ,E09000023,UKI1205, 10 , 116 , 126 , 11 , 137 , 52 , 364 , 416 , 281 , 697 ," 5,171 "," 4,485 "," 3,140 "," 2,570 "," 3,301 "," 2,655 "," 24,850 "," 4,332 "," 5,078 "," 2,689 ",," 3,210 ",
 INNER LONDON ,Newham ,E09000025,UKI1206, 9 , 103 , 111 , 10 , 122 , 46 , 333 , 379 ," 1,089 "," 1,468 "," 5,300 "," 4,445 "," 3,248 "," 2,669 "," 3,408 "," 2,742 "," 104,101 "," 6,098 "," 12,069 "," 2,801 ",," 3,188 ",
 INNER LONDON ,Southwark,E09000028,UKI1207, 14 , 121 , 135 , 17 , 152 , 79 , 367 , 447 ," 1,231 "," 1,678 "," 5,773 "," 5,049 "," 3,034 "," 2,382 "," 3,313 "," 2,519 "," 70,808 "," 6,552 "," 11,022 "," 2,626 ",," 3,347 ",
 INNER LONDON ,Tower Hamlets,E09000030,UKI1208, 15 , 107 , 122 , 17 , 138 , 91 , 323 , 414 ," 2,229 "," 2,642 "," 6,025 "," 5,362 "," 3,031 "," 2,325 "," 3,403 "," 2,502 "," 134,654 "," 8,992 "," 19,124 "," 2,659 ",," 3,324 ",
 INNER LONDON ,Wandsworth,E09000032,UKI1105, 11 , 132 , 143 , 16 , 159 , 62 , 437 , 499 , 481 , 981 ," 5,676 "," 4,685 "," 3,317 "," 2,477 "," 3,499 "," 2,568 "," 30,063 "," 4,056 "," 6,179 "," 2,602 ",," 3,644 ",
 INNER LONDON ,Westminster,E09000033,UKI1106, 11 , 112 , 123 , 40 , 163 , 64 , 425 , 489 ," 3,155 "," 3,643 "," 5,833 "," 4,376 "," 3,785 "," 2,371 "," 3,967 "," 2,466 "," 78,722 "," 8,530 "," 22,322 "," 2,801 ",," 4,093 ",
 OUTER LONDON ,Barking and Dagenham,E09000002,UKI2101, 13 , 62 , 75 , 6 , 81 , 60 , 208 , 267 , 368 , 636 ," 4,549 "," 3,511 "," 3,343 "," 2,865 "," 3,553 "," 2,946 "," 65,689 "," 7,871 "," 7,866 "," 2,996 ",," 3,469 ",
 OUTER LONDON ,Barnet,E09000003,UKI2301, 42 , 106 , 148 , 13 , 161 , 198 , 426 , 624 , 492 ," 1,115 "," 4,721 "," 3,543 "," 4,014 "," 3,067 "," 4,214 "," 3,184 "," 39,266 "," 7,600 "," 6,948 "," 3,258 ",," 4,121 ",
 OUTER LONDON ,Bexley,E09000004,UKI2102, 9 , 89 , 98 , 7 , 105 , 49 , 330 , 379 , 383 , 763 ," 5,588 "," 4,878 "," 3,695 "," 3,181 "," 3,866 "," 3,274 "," 57,339 "," 7,914 "," 7,278 "," 3,327 ",," 3,869 ",
 OUTER LONDON ,Brent ,E09000005,UKI2302, 19 , 99 , 118 , 14 , 132 , 89 , 340 , 429 , 624 ," 1,053 "," 4,715 "," 3,642 "," 3,423 "," 2,692 "," 3,630 "," 2,806 "," 45,740 "," 5,102 "," 7,987 "," 2,854 ",," 3,525 ",
 OUTER LONDON ,Bromley,E09000006,UKI2201, 17 , 122 , 139 , 11 , 150 , 87 , 467 , 555 , 412 , 967 ," 5,046 "," 4,058 "," 3,827 "," 3,129 "," 3,978 "," 3,218 "," 37,572 "," 6,272 "," 6,430 "," 3,267 ",," 3,990 ",
 OUTER LONDON ,Croydon,E09000008,UKI2202, 29 , 125 , 154 , 12 , 167 , 136 , 456 , 592 , 596 ," 1,187 "," 4,635 "," 3,613 "," 3,644 "," 2,994 "," 3,832 "," 3,090 "," 48,973 "," 6,502 "," 7,130 "," 3,144 ",," 3,764 ",
 OUTER LONDON ,Ealing,E09000009,UKI2303, 11 , 122 , 133 , 12 , 145 , 56 , 419 , 475 , 839 ," 1,314 "," 5,221 "," 4,461 "," 3,424 "," 2,781 "," 3,570 "," 2,854 "," 68,612 "," 7,427 "," 9,043 "," 2,917 ",," 3,599 ",
 OUTER LONDON ,Enfield,E09000010,UKI2103, 36 , 90 , 126 , 9 , 135 , 166 , 329 , 495 , 521 ," 1,016 "," 4,560 "," 3,563 "," 3,672 "," 3,059 "," 3,929 "," 3,182 "," 58,653 "," 9,281 "," 7,536 "," 3,248 ",," 3,782 ",
 OUTER LONDON ,Greenwich,E09000011,UKI2104, 7 , 106 , 113 , 9 , 122 , 37 , 338 , 375 , 442 , 817 ," 5,409 "," 4,532 "," 3,194 "," 2,651 "," 3,327 "," 2,704 "," 48,164 "," 5,919 "," 6,707 "," 2,748 ",," 3,306 ",
 OUTER LONDON ,Harrow,E09000015,UKI2304, 23 , 67 , 90 , 6 , 96 , 103 , 252 , 355 , 227 , 582 ," 4,560 "," 3,517 "," 3,750 "," 3,046 "," 3,954 "," 3,150 "," 36,629 "," 9,387 "," 6,064 "," 3,224 ",," 3,884 ",
 OUTER LONDON ,Havering,E09000016,UKI2105, 20 , 84 , 104 , 7 , 111 , 96 , 312 , 408 , 375 , 783 ," 4,700 "," 3,789 "," 3,732 "," 3,155 "," 3,922 "," 3,266 "," 51,411 "," 8,706 "," 7,030 "," 3,336 ",," 3,986 ",
 OUTER LONDON ,Hillingdon,E09000017,UKI2305, 15 , 95 , 110 , 8 , 119 , 78 , 352 , 430 , 948 ," 1,379 "," 5,044 "," 4,222 "," 3,715 "," 3,109 "," 3,901 "," 3,219 "," 113,258 "," 10,385 "," 11,613 "," 3,297 ",," 3,854 ",
 OUTER LONDON ,Hounslow,E09000018,UKI2306, 10 , 92 , 102 , 9 , 110 , 52 , 332 , 384 , 905 ," 1,290 "," 5,411 "," 4,828 "," 3,604 "," 2,911 "," 3,776 "," 3,017 "," 105,652 "," 8,798 "," 11,688 "," 3,085 ",," 3,629 ",
 OUTER LONDON ,Kingston upon Thames,E09000021,UKI2203, 11 , 56 , 67 , 6 , 73 , 53 , 212 , 266 , 332 , 598 ," 4,756 "," 3,777 "," 3,829 "," 3,105 "," 3,985 "," 3,187 "," 52,886 "," 7,129 "," 8,195 "," 3,247 ",," 3,793 ",
 OUTER LONDON ,Merton,E09000024,UKI2204, 7 , 77 , 84 , 8 , 91 , 36 , 281 , 317 , 466 , 783 ," 5,406 "," 4,617 "," 3,640 "," 2,907 "," 3,779 "," 2,986 "," 62,010 "," 6,102 "," 8,573 "," 3,042 ",," 3,779 ",
 OUTER LONDON ,Redbridge,E09000026,UKI2106, 8 , 94 , 102 , 8 , 110 , 46 , 355 , 401 , 253 , 654 ," 5,554 "," 4,903 "," 3,775 "," 3,153 "," 3,920 "," 3,234 "," 31,171 "," 6,485 "," 5,919 "," 3,286 ",," 3,660 ",
 OUTER LONDON ,Richmond upon Thames,E09000027,UKI2307, 11 , 73 , 84 , 8 , 93 , 55 , 287 , 342 , 309 , 650 ," 4,985 "," 3,793 "," 3,914 "," 3,034 "," 4,053 "," 3,112 "," 36,707 "," 6,024 "," 7,017 "," 3,173 ",," 4,016 ",
 OUTER LONDON ,Sutton,E09000029,UKI2205, 17 , 66 , 83 , 6 , 89 , 83 , 243 , 326 , 353 , 679 ," 4,962 "," 4,136 "," 3,688 "," 3,061 "," 3,946 "," 3,225 "," 57,702 "," 5,889 "," 7,646 "," 3,266 ",," 3,863 ",
 OUTER LONDON ,Waltham Forest,E09000031,UKI2107, 11 , 90 , 102 , 9 , 111 , 54 , 297 , 351 , 336 , 688 ," 4,745 "," 3,708 "," 3,285 "," 2,727 "," 3,448 "," 2,801 "," 38,263 "," 5,907 "," 6,215 "," 2,853 ",," 3,316 ",
 SOUTH EAST ,Bracknell Forest,E06000036,UKJ1101, 5 , 43 , 48 , 3 , 51 , 28 , 173 , 201 , 315 , 516 ," 5,821 "," 5,255 "," 3,983 "," 3,335 "," 4,166 "," 3,449 "," 108,562 "," 10,146 "," 10,107 "," 3,503 ",," 4,063 ",
 SOUTH EAST ,Brighton and Hove,E06000043,UKJ2100, 34 , 94 , 128 , 14 , 142 , 139 , 304 , 443 , 515 , 958 ," 4,089 "," 3,190 "," 3,247 "," 2,615 "," 3,471 "," 2,743 "," 36,262 "," 4,681 "," 6,755 "," 2,785 ",," 3,456 ",
 SOUTH EAST ,Isle of Wight,E06000046,UKJ3400, 10 , 62 , 72 , 7 , 79 , 60 , 209 , 269 , 268 , 537 ," 5,769 "," 4,813 "," 3,394 "," 2,756 "," 3,735 "," 2,910 "," 35,877 "," 5,432 "," 6,761 "," 2,973 ",," 4,263 ",
 SOUTH EAST ,Medway,E06000035,UKJ4100, 23 , 90 , 113 , 8 , 121 , 101 , 325 , 426 , 410 , 835 ," 4,404 "," 3,549 "," 3,594 "," 3,077 "," 3,758 "," 3,160 "," 52,973 "," 8,015 "," 6,905 "," 3,212 ",," 3,729 ",
 SOUTH EAST ,Milton Keynes,E06000042,UKJ1200, 33 , 75 , 108 , 8 , 116 , 146 , 261 , 407 , 953 ," 1,360 "," 4,399 "," 3,443 "," 3,481 "," 2,938 "," 3,762 "," 3,067 "," 117,668 "," 12,386 "," 11,685 "," 3,152 ",," 3,826 ",
 SOUTH EAST ,Portsmouth,E06000044,UKJ3100, 9 , 81 , 91 , 7 , 98 , 50 , 261 , 311 , 602 , 913 ," 5,275 "," 4,431 "," 3,218 "," 2,720 "," 3,432 "," 2,817 "," 83,096 "," 7,964 "," 9,324 "," 2,879 ",," 3,476 ",
 SOUTH EAST ,Reading,E06000038,UKJ1103, 9 , 60 , 69 , 6 , 76 , 53 , 210 , 263 , 465 , 728 ," 5,806 "," 5,251 "," 3,475 "," 2,866 "," 3,782 "," 3,038 "," 73,389 "," 8,433 "," 9,602 "," 3,110 ",," 3,975 ",
 SOUTH EAST ,Slough,E06000039,UKJ1104, 7 , 47 , 53 , 5 , 58 , 36 , 163 , 199 , 916 ," 1,115 "," 5,439 "," 4,961 "," 3,503 "," 2,931 "," 3,744 "," 3,073 "," 199,035 "," 9,968 "," 19,273 "," 3,137 ",," 3,640 ",
 SOUTH EAST ,Southampton,E06000045,UKJ3200, 16 , 91 , 107 , 9 , 116 , 93 , 301 , 394 , 507 , 901 ," 5,704 "," 4,868 "," 3,306 "," 2,784 "," 3,669 "," 2,960 "," 57,337 "," 7,284 "," 7,752 "," 3,022 ",," 3,813 ",
 SOUTH EAST ,West Berkshire,E06000037,UKJ1102, 9 , 58 , 68 , 7 , 75 , 69 , 256 , 325 , 558 , 882 ," 7,503 "," 6,380 "," 4,375 "," 3,495 "," 4,798 "," 3,715 "," 79,741 "," 9,316 "," 11,820 "," 3,815 ",," 5,043 ",
 SOUTH EAST ,Windsor and Maidenhead,E06000040,UKJ1105, 5 , 58 , 63 , 6 , 70 , 34 , 255 , 289 , 417 , 705 ," 6,517 "," 5,368 "," 4,383 "," 3,415 "," 4,559 "," 3,506 "," 64,385 "," 9,307 "," 10,105 "," 3,609 ",," 4,719 ",
 SOUTH EAST ,Wokingham,E06000041,UKJ1106, 4 , 62 , 66 , 4 , 70 , 25 , 258 , 283 , 367 , 650 ," 6,288 "," 5,431 "," 4,181 "," 3,478 "," 4,308 "," 3,547 "," 87,285 "," 10,766 "," 9,292 "," 3,618 ",," 4,445 ",
 SOUTH EAST ,Aylesbury Vale,E07000004,UKJ1301, 23 , 55 , 78 , 6 , 85 , 127 , 215 , 343 , 299 , 642 ," 5,555 "," 4,197 "," 3,885 "," 3,125 "," 4,373 "," 3,372 "," 46,588 "," 9,355 "," 7,572 "," 3,455 ",," 4,521 ",
 SOUTH EAST ,Chiltern,E07000005,UKJ1302, 7 , 32 , 39 , 3 , 42 , 40 , 151 , 192 , 137 , 329 ," 5,988 "," 4,481 "," 4,663 "," 3,680 "," 4,892 "," 3,786 "," 42,368 "," 9,517 "," 7,744 "," 3,885 ",," 5,059 ",
 SOUTH EAST ,South Bucks,E07000006,UKJ1304, 2 , 27 , 29 , 3 , 32 , 12 , 135 , 146 , 206 , 352 ," 7,135 "," 5,753 "," 4,973 "," 3,771 "," 5,095 "," 3,831 "," 71,134 "," 10,830 "," 11,151 "," 3,962 ",," 5,254 ",
 SOUTH EAST ,Wycombe,E07000007,UKJ1305, 9 , 64 , 73 , 7 , 79 , 58 , 266 , 324 , 345 , 669 ," 6,541 "," 5,493 "," 4,182 "," 3,378 "," 4,469 "," 3,549 "," 51,516 "," 9,452 "," 8,444 "," 3,643 ",," 4,580 ",
 SOUTH EAST ,Eastbourne,E07000061,UKJ2202, 12 , 36 , 48 , 5 , 53 , 54 , 113 , 167 , 186 , 353 ," 4,305 "," 3,455 "," 3,161 "," 2,600 "," 3,457 "," 2,771 "," 39,604 "," 5,399 "," 6,661 "," 2,829 ",," 3,539 ",
 SOUTH EAST ,Hastings,E07000062,UKJ2203, 12 , 31 , 43 , 4 , 47 , 51 , 105 , 156 , 138 , 294 ," 4,211 "," 3,319 "," 3,381 "," 2,785 "," 3,614 "," 2,909 "," 33,687 "," 4,653 "," 6,222 "," 2,949 ",," 3,678 ",
 SOUTH EAST ,Lewes,E07000063,UKJ2205, 12 , 33 , 45 , 4 , 49 , 64 , 118 , 182 , 142 , 324 ," 5,239 "," 3,972 "," 3,631 "," 2,949 "," 4,068 "," 3,159 "," 35,171 "," 6,845 "," 6,646 "," 3,225 ",," 4,081 ",
 SOUTH EAST ,Rother,E07000064,UKJ2206, 14 , 32 , 45 , 5 , 50 , 75 , 120 , 195 , 158 , 353 ," 5,578 "," 4,210 "," 3,789 "," 2,992 "," 4,324 "," 3,261 "," 34,084 "," 6,088 "," 7,094 "," 3,329 ",," 4,577 ",
 SOUTH EAST ,Wealden,E07000065,UKJ2207, 20 , 48 , 68 , 7 , 75 , 121 , 199 , 320 , 209 , 529 ," 6,165 "," 4,546 "," 4,113 "," 3,194 "," 4,707 "," 3,481 "," 30,984 "," 7,777 "," 7,081 "," 3,582 ",," 4,745 ",
 SOUTH EAST ,Basingstoke and Deane,E07000084,UKJ3301, 6 , 69 , 75 , 6 , 81 , 40 , 270 , 311 , 518 , 829 ," 6,724 "," 5,667 "," 3,919 "," 3,177 "," 4,144 "," 3,283 "," 92,821 "," 9,286 "," 10,296 "," 3,349 ",," 4,216 ",
 SOUTH EAST ,East Hampshire,E07000085,UKJ3302, 5 , 47 , 52 , 5 , 57 , 35 , 202 , 237 , 196 , 433 ," 7,068 "," 5,864 "," 4,269 "," 3,396 "," 4,536 "," 3,523 "," 40,442 "," 8,160 "," 7,588 "," 3,606 ",," 4,816 ",
 SOUTH EAST ,Eastleigh,E07000086,UKJ3303, 4 , 51 , 55 , 4 , 59 , 21 , 183 , 204 , 312 , 516 ," 5,371 "," 4,822 "," 3,581 "," 3,046 "," 3,708 "," 3,116 "," 86,058 "," 10,301 "," 8,810 "," 3,182 ",," 3,710 ",
 SOUTH EAST ,Fareham,E07000087,UKJ3304, 4 , 46 , 50 , 3 , 53 , 19 , 168 , 187 , 237 , 424 ," 5,290 "," 4,485 "," 3,638 "," 3,099 "," 3,756 "," 3,157 "," 70,904 "," 10,074 "," 7,977 "," 3,229 ",," 3,840 ",
 SOUTH EAST ,Gosport,E07000088,UKJ3305, 5 , 33 , 37 , 2 , 40 , 27 , 108 , 135 , 142 , 276 ," 5,413 "," 4,798 "," 3,327 "," 2,882 "," 3,600 "," 3,012 "," 61,328 "," 6,367 "," 6,954 "," 3,048 ",," 3,636 ",
 SOUTH EAST ,Hart,E07000089,UKJ3306, 3 , 36 , 39 , 3 , 42 , 17 , 155 , 172 , 222 , 394 ," 6,125 "," 5,278 "," 4,283 "," 3,546 "," 4,416 "," 3,622 "," 76,402 "," 9,477 "," 9,426 "," 3,696 ",," 4,634 ",
 SOUTH EAST ,Havant,E07000090,UKJ3307, 4 , 51 , 56 , 4 , 59 , 22 , 185 , 207 , 206 , 413 ," 5,237 "," 4,370 "," 3,600 "," 3,063 "," 3,725 "," 3,123 "," 57,990 "," 8,032 "," 6,989 "," 3,182 ",," 3,915 ",
 SOUTH EAST ,New Forest,E07000091,UKJ3308, 7 , 74 , 82 , 8 , 89 , 46 , 286 , 332 , 404 , 737 ," 6,242 "," 5,098 "," 3,851 "," 3,109 "," 4,066 "," 3,204 "," 53,764 "," 7,606 "," 8,257 "," 3,286 ",," 4,175 ",
 SOUTH EAST ,Rushmoor,E07000092,UKJ3310, 3 , 36 , 39 , 3 , 42 , 17 , 127 , 144 , 244 , 388 ," 5,123 "," 4,568 "," 3,552 "," 3,025 "," 3,689 "," 3,110 "," 84,181 "," 10,454 "," 9,241 "," 3,188 ",," 3,787 ",
 SOUTH EAST ,Test Valley,E07000093,UKJ3312, 6 , 48 , 54 , 5 , 59 , 43 , 197 , 239 , 319 , 558 ," 7,497 "," 6,410 "," 4,066 "," 3,232 "," 4,426 "," 3,388 "," 59,367 "," 8,874 "," 9,388 "," 3,490 ",," 4,773 ",
 SOUTH EAST ,Winchester,E07000094,UKJ3313, 5 , 46 , 52 , 6 , 58 , 36 , 193 , 229 , 367 , 595 ," 6,833 "," 5,655 "," 4,158 "," 3,224 "," 4,432 "," 3,348 "," 61,387 "," 8,241 "," 10,334 "," 3,454 ",," 4,678 ",
 SOUTH EAST ,Ashford,E07000105,UKJ4201, 13 , 39 , 53 , 5 , 58 , 72 , 152 , 225 , 267 , 492 ," 5,491 "," 4,062 "," 3,874 "," 3,101 "," 4,279 "," 3,285 "," 52,016 "," 9,215 "," 8,533 "," 3,387 ",," 4,326 ",
 SOUTH EAST ,Canterbury,E07000106,UKJ4202, 14 , 52 , 66 , 6 , 72 , 67 , 185 , 252 , 315 , 567 ," 4,846 "," 3,712 "," 3,571 "," 2,902 "," 3,838 "," 3,042 "," 51,083 "," 7,757 "," 7,899 "," 3,131 ",," 3,876 ",
 SOUTH EAST ,Dartford,E07000107,UKJ4203, 6 , 38 , 44 , 4 , 48 , 30 , 136 , 166 , 246 , 411 ," 4,899 "," 4,073 "," 3,550 "," 2,984 "," 3,735 "," 3,092 "," 65,067 "," 10,220 "," 8,549 "," 3,170 ",," 3,816 ",
 SOUTH EAST ,Dover,E07000108,UKJ4204, 10 , 41 , 52 , 4 , 56 , 47 , 137 , 184 , 242 , 426 ," 4,514 "," 3,439 "," 3,322 "," 2,733 "," 3,562 "," 2,857 "," 54,230 "," 6,551 "," 7,576 "," 2,919 ",," 3,662 ",
 SOUTH EAST ,Gravesham,E07000109,UKJ4205, 9 , 34 , 42 , 3 , 46 , 39 , 124 , 163 , 272 , 435 ," 4,544 "," 3,627 "," 3,646 "," 3,065 "," 3,827 "," 3,161 "," 87,685 "," 7,660 "," 9,535 "," 3,220 ",," 3,773 ",
 SOUTH EAST ,Maidstone,E07000110,UKJ4206, 16 , 53 , 69 , 6 , 75 , 83 , 201 , 284 , 359 , 643 ," 5,149 "," 3,950 "," 3,813 "," 3,093 "," 4,127 "," 3,252 "," 58,242 "," 9,111 "," 8,581 "," 3,341 ",," 4,156 ",
 SOUTH EAST ,Sevenoaks,E07000111,UKJ4207, 13 , 37 , 49 , 5 , 54 , 79 , 166 , 244 , 199 , 443 ," 6,210 "," 4,615 "," 4,498 "," 3,507 "," 4,938 "," 3,736 "," 40,809 "," 7,819 "," 8,153 "," 3,832 ",," 4,960 ",
 SOUTH EAST ,Shepway,E07000112,UKJ4208, 13 , 37 , 50 , 5 , 55 , 63 , 130 , 193 , 221 , 414 ," 4,762 "," 3,599 "," 3,501 "," 2,848 "," 3,831 "," 3,007 "," 45,048 "," 5,328 "," 7,491 "," 3,058 ",," 3,867 ",
 SOUTH EAST ,Swale,E07000113,UKJ4209, 13 , 47 , 60 , 5 , 65 , 61 , 177 , 237 , 420 , 658 ," 4,750 "," 3,674 "," 3,739 "," 3,129 "," 3,954 "," 3,229 "," 84,464 "," 8,051 "," 10,119 "," 3,299 ",," 3,975 ",
 SOUTH EAST ,Thanet,E07000114,UKJ4210, 15 , 52 , 67 , 6 , 72 , 62 , 176 , 238 , 280 , 518 ," 4,244 "," 3,340 "," 3,387 "," 2,790 "," 3,575 "," 2,892 "," 49,029 "," 5,556 "," 7,162 "," 2,943 ",," 3,778 ",
 SOUTH EAST ,Tonbridge and Malling,E07000115,UKJ4211, 11 , 41 , 53 , 4 , 57 , 60 , 162 , 222 , 283 , 505 ," 5,315 "," 3,983 "," 3,910 "," 3,222 "," 4,212 "," 3,355 "," 64,536 "," 9,496 "," 8,848 "," 3,433 ",," 4,342 ",
 SOUTH EAST ,Tunbridge Wells,E07000116,UKJ4212, 15 , 34 , 49 , 5 , 54 , 87 , 135 , 222 , 272 , 494 ," 5,708 "," 4,296 "," 4,022 "," 3,170 "," 4,547 "," 3,452 "," 50,471 "," 7,589 "," 9,122 "," 3,541 ",," 4,488 ",
 SOUTH EAST ,Cherwell,E07000177,UKJ1401, 9 , 54 , 63 , 6 , 69 , 59 , 213 , 272 , 447 , 719 ," 6,425 "," 5,162 "," 3,972 "," 3,210 "," 4,330 "," 3,375 "," 77,807 "," 10,992 "," 10,486 "," 3,490 ",," 4,554 ",
 SOUTH EAST ,Oxford,E07000178,UKJ1402, 7 , 51 , 58 , 6 , 65 , 37 , 176 , 214 , 634 , 848 ," 5,493 "," 4,744 "," 3,431 "," 2,798 "," 3,671 "," 2,911 "," 98,304 "," 9,088 "," 13,122 "," 3,029 ",," 3,596 ",
 SOUTH EAST ,South Oxfordshire,E07000179,UKJ1403, 9 , 52 , 61 , 6 , 67 , 60 , 230 , 290 , 490 , 780 ," 6,816 "," 5,569 "," 4,406 "," 3,436 "," 4,754 "," 3,616 "," 81,667 "," 8,442 "," 11,633 "," 3,720 ",," 5,136 ",
 SOUTH EAST ,Vale of White Horse,E07000180,UKJ1404, 6 , 50 , 56 , 5 , 61 , 42 , 198 , 240 , 477 , 717 ," 7,038 "," 6,050 "," 3,971 "," 3,205 "," 4,299 "," 3,356 "," 91,519 "," 8,645 "," 11,752 "," 3,442 ",," 4,574 ",
 SOUTH EAST ,West Oxfordshire,E07000181,UKJ1405, 6 , 42 , 48 , 5 , 54 , 43 , 180 , 223 , 295 , 518 ," 7,259 "," 6,080 "," 4,236 "," 3,374 "," 4,607 "," 3,547 "," 56,935 "," 8,560 "," 9,667 "," 3,651 ",," 4,872 ",
 SOUTH EAST ,Elmbridge,E07000207,UKJ2301, 10 , 47 , 57 , 5 , 62 , 55 , 230 , 286 , 258 , 543 ," 5,720 "," 4,413 "," 4,907 "," 3,686 "," 5,046 "," 3,791 "," 48,656 "," 7,863 "," 8,774 "," 3,869 ",," 5,265 ",
 SOUTH EAST ,Epsom and Ewell,E07000208,UKJ2302, 5 , 27 , 32 , 2 , 34 , 26 , 107 , 133 , 94 , 227 ," 4,921 "," 3,996 "," 4,029 "," 3,394 "," 4,176 "," 3,467 "," 41,879 "," 7,684 "," 6,671 "," 3,521 ",," 4,175 ",
 SOUTH EAST ,Guildford,E07000209,UKJ2303, 11 , 46 , 57 , 5 , 63 , 63 , 196 , 258 , 335 , 593 ," 5,553 "," 4,335 "," 4,244 "," 3,346 "," 4,501 "," 3,494 "," 61,464 "," 8,969 "," 9,442 "," 3,584 ",," 4,483 ",
 SOUTH EAST ,Mole Valley,E07000210,UKJ2304, 9 , 28 , 37 , 4 , 41 , 51 , 126 , 177 , 234 , 411 ," 5,840 "," 4,547 "," 4,502 "," 3,518 "," 4,819 "," 3,719 "," 59,779 "," 7,586 "," 10,129 "," 3,818 ",," 4,782 ",
 SOUTH EAST ,Reigate and Banstead,E07000211,UKJ2305, 13 , 47 , 60 , 5 , 65 , 66 , 194 , 260 , 340 , 601 ," 5,153 "," 4,085 "," 4,128 "," 3,331 "," 4,348 "," 3,466 "," 66,526 "," 7,368 "," 9,243 "," 3,534 ",," 4,375 ",
 SOUTH EAST ,Runnymede,E07000212,UKJ2312, 6 , 29 , 34 , 3 , 38 , 32 , 124 , 156 , 248 , 404 ," 5,528 "," 4,581 "," 4,338 "," 3,362 "," 4,537 "," 3,510 "," 78,912 "," 9,204 "," 10,772 "," 3,597 ",," 4,465 ",
 SOUTH EAST ,Spelthorne,E07000213,UKJ2313, 4 , 38 , 42 , 3 , 45 , 25 , 146 , 171 , 198 , 369 ," 5,838 "," 5,125 "," 3,835 "," 3,232 "," 4,041 "," 3,350 "," 63,517 "," 8,926 "," 8,123 "," 3,407 ",," 4,130 ",
 SOUTH EAST ,Surrey Heath,E07000214,UKJ2308, 3 , 33 , 36 , 3 , 39 , 15 , 146 , 161 , 225 , 387 ," 5,640 "," 4,798 "," 4,425 "," 3,629 "," 4,516 "," 3,695 "," 78,164 "," 9,529 "," 10,015 "," 3,764 ",," 4,621 ",
 SOUTH EAST ,Tandridge,E07000215,UKJ2309, 8 , 28 , 36 , 3 , 40 , 49 , 126 , 174 , 133 , 308 ," 6,098 "," 4,645 "," 4,473 "," 3,474 "," 4,832 "," 3,679 "," 38,250 "," 7,782 "," 7,769 "," 3,771 ",," 4,909 ",
 SOUTH EAST ,Waverley,E07000216,UKJ2310, 6 , 47 , 53 , 5 , 58 , 38 , 213 , 251 , 176 , 427 ," 6,611 "," 5,193 "," 4,503 "," 3,475 "," 4,731 "," 3,602 "," 34,751 "," 9,078 "," 7,355 "," 3,706 ",," 4,948 ",
 SOUTH EAST ,Woking,E07000217,UKJ2311, 11 , 31 , 42 , 3 , 46 , 57 , 132 , 189 , 415 , 603 ," 5,139 "," 4,272 "," 4,242 "," 3,433 "," 4,478 "," 3,618 "," 121,642 "," 8,499 "," 13,238 "," 3,693 ",," 4,679 ",
 SOUTH EAST ,Adur,E07000223,UKJ2401, 9 , 20 , 28 , 2 , 30 , 39 , 69 , 108 , 86 , 195 ," 4,520 "," 3,621 "," 3,544 "," 2,988 "," 3,844 "," 3,147 "," 39,333 "," 6,851 "," 6,406 "," 3,195 ",," 3,831 ",
 SOUTH EAST ,Arun,E07000224,UKJ2402, 13 , 61 , 74 , 6 , 80 , 65 , 221 , 286 , 205 , 491 ," 5,169 "," 4,232 "," 3,591 "," 2,947 "," 3,860 "," 3,085 "," 35,800 "," 6,638 "," 6,152 "," 3,139 ",," 4,053 ",
 SOUTH EAST ,Chichester,E07000225,UKJ2403, 8 , 49 , 58 , 6 , 64 , 60 , 207 , 267 , 315 , 582 ," 7,055 "," 5,886 "," 4,189 "," 3,145 "," 4,608 "," 3,367 "," 48,513 "," 6,872 "," 9,043 "," 3,460 ",," 5,147 ",
 SOUTH EAST ,Crawley,E07000226,UKJ2404, 10 , 34 , 44 , 3 , 48 , 44 , 119 , 162 , 469 , 631 ," 4,232 "," 3,450 "," 3,495 "," 2,988 "," 3,667 "," 3,089 "," 139,090 "," 9,745 "," 13,260 "," 3,142 ",," 3,559 ",
 SOUTH EAST ,Horsham,E07000227,UKJ2405, 16 , 44 , 60 , 6 , 66 , 94 , 183 , 277 , 249 , 525 ," 5,962 "," 4,469 "," 4,110 "," 3,238 "," 4,595 "," 3,483 "," 42,437 "," 7,706 "," 7,950 "," 3,567 ",," 4,785 ",
 SOUTH EAST ,Mid Sussex,E07000228,UKJ2406, 16 , 47 , 63 , 6 , 68 , 87 , 179 , 266 , 242 , 508 ," 5,448 "," 4,200 "," 3,838 "," 3,116 "," 4,250 "," 3,334 "," 43,241 "," 8,642 "," 7,458 "," 3,416 ",," 4,347 ",
 SOUTH EAST ,Worthing,E07000229,UKJ2407, 15 , 35 , 50 , 4 , 54 , 67 , 119 , 186 , 185 , 372 ," 4,530 "," 3,650 "," 3,399 "," 2,855 "," 3,734 "," 3,045 "," 43,539 "," 6,679 "," 6,862 "," 3,101 ",," 3,761 ",
 SOUTH WEST ,Bath and North East Somerset,E06000022,UKK1201, 10 , 71 , 81 , 9 , 90 , 61 , 259 , 321 , 333 , 654 ," 5,981 "," 5,023 "," 3,645 "," 2,998 "," 3,940 "," 3,122 "," 37,861 "," 6,346 "," 7,251 "," 3,197 ",," 4,204 ",
 SOUTH WEST ,Bournemouth,E06000028,UKK2101, 12 , 77 , 89 , 9 , 98 , 64 , 258 , 322 , 350 , 672 ," 5,261 "," 4,400 "," 3,343 "," 2,730 "," 3,605 "," 2,856 "," 39,287 "," 5,098 "," 6,837 "," 2,906 ",," 3,629 ",
 SOUTH WEST ,"Bristol, City of ",E06000023,UKK1100, 21 , 177 , 197 , 19 , 216 , 108 , 585 , 693 ," 1,084 "," 1,778 "," 5,164 "," 4,328 "," 3,316 "," 2,765 "," 3,512 "," 2,862 "," 58,357 "," 7,935 "," 8,229 "," 2,943 ",," 3,602 ",
 SOUTH WEST ,Cornwall,E06000052,UKK3008, 66 , 204 , 271 , 34 , 304 , 463 , 810 ," 1,273 "," 1,272 "," 2,545 "," 6,970 "," 6,060 "," 3,967 "," 3,188 "," 4,703 "," 3,584 "," 37,939 "," 6,154 "," 8,366 "," 3,680 ",," 5,276 ",
 SOUTH WEST ,Isles of Scilly,E06000053,UKK3009, 0 , 1 , 1 , 0 , 2 , 4 , 4 , 8 , 9 , 17 ," 8,557 "," 7,789 "," 5,357 "," 4,264 "," 6,660 "," 5,725 "," 18,560 "," 5,442 "," 10,145 "," 5,674 ",," 7,801 ",
 SOUTH WEST ,North Somerset,E06000024,UKK1202, 10 , 86 , 95 , 8 , 103 , 55 , 306 , 361 , 392 , 753 ," 5,791 "," 4,796 "," 3,574 "," 3,001 "," 3,795 "," 3,090 "," 49,084 "," 7,334 "," 7,300 "," 3,156 ",," 3,879 ",
 SOUTH WEST ,Plymouth,E06000026,UKK4100, 11 , 107 , 118 , 9 , 127 , 51 , 348 , 399 , 505 , 904 ," 4,509 "," 3,593 "," 3,253 "," 2,821 "," 3,374 "," 2,869 "," 57,076 "," 6,387 "," 7,107 "," 2,922 ",," 3,524 ",
 SOUTH WEST ,Poole,E06000029,UKK2102, 6 , 63 , 69 , 6 , 76 , 33 , 224 , 257 , 390 , 647 ," 5,591 "," 4,963 "," 3,538 "," 2,940 "," 3,712 "," 3,027 "," 62,597 "," 7,427 "," 8,573 "," 3,100 ",," 3,887 ",
 SOUTH WEST ,South Gloucestershire,E06000025,UKK1203, 14 , 101 , 115 , 8 , 124 , 81 , 367 , 448 , 698 ," 1,146 "," 5,827 "," 4,651 "," 3,619 "," 3,089 "," 3,886 "," 3,194 "," 84,923 "," 9,819 "," 9,274 "," 3,262 ",," 3,911 ",
 SOUTH WEST ,Swindon,E06000030,UKK1400, 8 , 88 , 96 , 6 , 102 , 43 , 303 , 347 , 713 ," 1,060 "," 5,736 "," 4,980 "," 3,445 "," 2,956 "," 3,626 "," 3,037 "," 113,486 "," 9,924 "," 10,404 "," 3,100 ",," 3,705 ",
 SOUTH WEST ,Torbay,E06000027,UKK4200, 9 , 56 , 66 , 6 , 72 , 48 , 190 , 239 , 206 , 444 ," 5,248 "," 4,510 "," 3,377 "," 2,827 "," 3,640 "," 2,960 "," 33,764 "," 6,231 "," 6,200 "," 3,031 ",," 3,907 ",
 SOUTH WEST ,Wiltshire,E06000054,UKK1500, 32 , 186 , 217 , 22 , 239 , 241 , 739 , 981 ," 1,172 "," 2,153 "," 7,633 "," 6,779 "," 3,980 "," 3,215 "," 4,511 "," 3,453 "," 53,491 "," 7,638 "," 8,998 "," 3,540 ",," 4,755 ",
 SOUTH WEST ,East Devon,E07000040,UKK4301, 10 , 58 , 68 , 7 , 75 , 67 , 205 , 272 , 227 , 499 ," 6,677 "," 5,727 "," 3,534 "," 2,866 "," 3,997 "," 3,056 "," 30,955 "," 6,869 "," 6,622 "," 3,158 ",," 4,391 ",
 SOUTH WEST ,Exeter,E07000041,UKK4302, 7 , 47 , 54 , 5 , 59 , 35 , 147 , 182 , 383 , 565 ," 5,107 "," 4,435 "," 3,146 "," 2,653 "," 3,398 "," 2,783 "," 69,718 "," 9,296 "," 9,560 "," 2,888 ",," 3,412 ",
 SOUTH WEST ,Mid Devon,E07000042,UKK4303, 6 , 29 , 35 , 5 , 40 , 44 , 113 , 157 , 184 , 341 ," 7,154 "," 6,262 "," 3,935 "," 3,173 "," 4,497 "," 3,449 "," 38,363 "," 6,905 "," 8,588 "," 3,575 ",," 4,599 ",
 SOUTH WEST ,North Devon,E07000043,UKK4304, 7 , 37 , 44 , 6 , 51 , 46 , 138 , 184 , 268 , 451 ," 6,578 "," 5,561 "," 3,693 "," 2,990 "," 4,150 "," 3,195 "," 41,420 "," 6,642 "," 8,897 "," 3,321 ",," 4,479 ",
 SOUTH WEST ,South Hams,E07000044,UKK4305, 10 , 35 , 45 , 6 , 51 , 68 , 136 , 204 , 249 , 453 ," 7,073 "," 5,985 "," 3,842 "," 3,044 "," 4,533 "," 3,392 "," 40,289 "," 6,365 "," 8,845 "," 3,518 ",," 5,366 ",
 SOUTH WEST ,Teignbridge,E07000045,UKK4306, 9 , 53 , 62 , 6 , 68 , 57 , 192 , 249 , 239 , 488 ," 6,418 "," 5,364 "," 3,634 "," 3,004 "," 4,037 "," 3,185 "," 37,255 "," 6,699 "," 7,173 "," 3,274 ",," 4,384 ",
 SOUTH WEST ,Torridge,E07000046,UKK4307, 6 , 26 , 32 , 5 , 36 , 40 , 99 , 139 , 125 , 264 ," 6,988 "," 6,091 "," 3,827 "," 3,068 "," 4,401 "," 3,349 "," 26,848 "," 6,364 "," 7,281 "," 3,472 ",," 4,700 ",
 SOUTH WEST ,West Devon,E07000047,UKK4308, 4 , 21 , 25 , 4 , 29 , 31 , 84 , 116 , 132 , 248 ," 7,172 "," 5,913 "," 4,034 "," 3,228 "," 4,574 "," 3,486 "," 35,294 "," 5,854 "," 8,538 "," 3,596 ",," 4,846 ",
 SOUTH WEST ,Christchurch,E07000048,UKK2202, 2 , 21 , 24 , 2 , 26 , 13 , 73 , 86 , 102 , 188 ," 5,306 "," 4,621 "," 3,428 "," 2,853 "," 3,619 "," 2,946 "," 49,785 "," 6,811 "," 7,283 "," 3,007 ",," 3,860 ",
 SOUTH WEST ,East Dorset,E07000049,UKK2203, 4 , 36 , 40 , 4 , 43 , 23 , 146 , 169 , 134 , 303 ," 6,214 "," 5,202 "," 4,072 "," 3,315 "," 4,269 "," 3,414 "," 36,873 "," 7,904 "," 7,010 "," 3,495 ",," 4,374 ",
 SOUTH WEST ,North Dorset,E07000050,UKK2204, 4 , 28 , 32 , 4 , 36 , 31 , 111 , 142 , 137 , 278 ," 7,119 "," 5,985 "," 3,994 "," 3,182 "," 4,417 "," 3,362 "," 35,723 "," 6,828 "," 7,753 "," 3,456 ",," 4,665 ",
 SOUTH WEST ,Purbeck,E07000051,UKK2206, 3 , 21 , 23 , 3 , 26 , 16 , 74 , 90 , 279 , 369 ," 6,496 "," 5,262 "," 3,587 "," 2,858 "," 3,906 "," 2,982 "," 97,851 "," 6,073 "," 14,252 "," 3,062 ",," 4,462 ",
 SOUTH WEST ,West Dorset,E07000052,UKK2207, 9 , 43 , 52 , 8 , 60 , 66 , 156 , 223 , 222 , 445 ," 7,169 "," 5,990 "," 3,639 "," 2,890 "," 4,266 "," 3,150 "," 29,535 "," 6,107 "," 7,453 "," 3,259 ",," 4,834 ",
 SOUTH WEST ,Weymouth and Portland,E07000053,UKK2208, 3 , 29 , 32 , 3 , 35 , 17 , 92 , 109 , 99 , 208 ," 5,065 "," 4,386 "," 3,206 "," 2,698 "," 3,403 "," 2,790 "," 33,645 "," 4,555 "," 5,936 "," 2,825 ",," 3,764 ",
 SOUTH WEST ,Cheltenham,E07000078,UKK1301, 9 , 46 , 55 , 5 , 60 , 45 , 156 , 201 , 310 , 510 ," 5,006 "," 3,934 "," 3,364 "," 2,794 "," 3,633 "," 2,918 "," 68,402 "," 8,488 "," 8,531 "," 2,998 ",," 3,823 ",
 SOUTH WEST ,Cotswold,E07000079,UKK1302, 8 , 36 , 44 , 6 , 50 , 62 , 164 , 226 , 194 , 420 ," 8,010 "," 6,550 "," 4,589 "," 3,413 "," 5,197 "," 3,681 "," 32,458 "," 7,589 "," 8,482 "," 3,820 ",," 5,998 ",
 SOUTH WEST ,Forest of Dean,E07000080,UKK1303, 6 , 31 , 38 , 3 , 41 , 45 , 127 , 172 , 243 , 416 ," 7,005 "," 5,437 "," 4,071 "," 3,330 "," 4,576 "," 3,526 "," 72,288 "," 7,465 "," 10,128 "," 3,606 ",," 4,815 ",
 SOUTH WEST ,Gloucester,E07000081,UKK1304, 7 , 49 , 56 , 4 , 60 , 35 , 169 , 204 , 352 , 556 ," 4,775 "," 3,885 "," 3,469 "," 3,003 "," 3,638 "," 3,082 "," 84,162 "," 10,203 "," 9,231 "," 3,162 ",," 3,808 ",
 SOUTH WEST ,Stroud,E07000082,UKK1305, 9 , 44 , 53 , 5 , 57 , 57 , 170 , 226 , 302 , 529 ," 6,171 "," 4,835 "," 3,893 "," 3,201 "," 4,289 "," 3,377 "," 66,335 "," 8,442 "," 9,229 "," 3,464 ",," 4,500 ",
 SOUTH WEST ,Tewkesbury,E07000083,UKK1306, 6 , 34 , 39 , 3 , 43 , 33 , 125 , 158 , 327 , 485 ," 5,709 "," 4,377 "," 3,715 "," 3,057 "," 4,006 "," 3,175 "," 99,892 "," 10,176 "," 11,375 "," 3,270 ",," 4,160 ",
 SOUTH WEST ,Mendip,E07000187,UKK2301, 6 , 45 , 51 , 6 , 58 , 43 , 172 , 214 , 315 , 530 ," 6,819 "," 5,718 "," 3,805 "," 3,050 "," 4,173 "," 3,207 "," 50,381 "," 7,149 "," 9,189 "," 3,316 ",," 4,438 ",
 SOUTH WEST ,Sedgemoor,E07000188,UKK2302, 9 , 45 , 54 , 6 , 60 , 57 , 172 , 229 , 364 , 593 ," 6,533 "," 5,534 "," 3,789 "," 3,124 "," 4,231 "," 3,325 "," 65,072 "," 7,328 "," 9,935 "," 3,417 ",," 4,391 ",
 SOUTH WEST ,South Somerset,E07000189,UKK2303, 13 , 63 , 77 , 8 , 85 , 96 , 242 , 338 , 396 , 734 ," 7,090 "," 6,138 "," 3,819 "," 3,135 "," 4,392 "," 3,388 "," 47,725 "," 7,178 "," 8,614 "," 3,486 ",," 4,644 ",
 SOUTH WEST ,Taunton Deane,E07000190,UKK2304, 8 , 46 , 53 , 5 , 58 , 46 , 159 , 205 , 213 , 418 ," 6,132 "," 5,255 "," 3,488 "," 2,867 "," 3,862 "," 3,041 "," 40,260 "," 7,474 "," 7,158 "," 3,139 ",," 4,119 ",
 SOUTH WEST ,West Somerset,E07000191,UKK2305, 4 , 14 , 18 , 3 , 21 , 30 , 51 , 81 , 82 , 163 ," 6,947 "," 5,859 "," 3,720 "," 2,960 "," 4,481 "," 3,332 "," 30,864 "," 5,354 "," 7,878 "," 3,432 ",," 5,153 ",
 WALES ,Isle of Anglesey,W06000001,UKL1100, 5 , 30 , 35 , 4 , 39 , 38 , 113 , 151 , 145 , 295 ," 7,085 "," 5,969 "," 3,792 "," 3,165 "," 4,296 "," 3,352 "," 39,027 "," 5,611 "," 7,615 "," 3,422 ",," 4,870 ",
 WALES ,Gwynedd,W06000002,UKL1200, 13 , 49 , 62 , 9 , 70 , 82 , 171 , 253 , 288 , 541 ," 6,544 "," 5,398 "," 3,484 "," 2,932 "," 4,107 "," 3,164 "," 33,500 "," 5,779 "," 7,709 "," 3,269 ",," 4,695 ",
 WALES ,Conwy,W06000003,UKL1304, 5 , 51 , 56 , 6 , 63 , 33 , 170 , 203 , 192 , 394 ," 6,032 "," 4,763 "," 3,345 "," 2,828 "," 3,605 "," 2,920 "," 30,615 "," 6,727 "," 6,310 "," 3,018 ",," 3,878 ",
 WALES ,Denbighshire,W06000004,UKL1305, 4 , 40 , 44 , 5 , 48 , 27 , 143 , 170 , 198 , 369 ," 6,704 "," 5,474 "," 3,613 "," 3,030 "," 3,900 "," 3,125 "," 41,975 "," 6,991 "," 7,624 "," 3,228 ",," 4,119 ",
 WALES ,Flintshire,W06000005,UKL2304, 4 , 63 , 67 , 5 , 72 , 23 , 228 , 251 , 773 ," 1,024 "," 6,444 "," 4,754 "," 3,610 "," 3,126 "," 3,764 "," 3,162 "," 144,216 "," 8,924 "," 14,198 "," 3,250 ",," 3,838 ",
 WALES ,Wrexham,W06000006,UKL2305, 4 , 55 , 59 , 5 , 64 , 26 , 191 , 218 , 655 , 873 ," 6,008 "," 4,624 "," 3,489 "," 3,040 "," 3,676 "," 3,098 "," 140,765 "," 9,213 "," 13,665 "," 3,180 ",," 3,716 ",
 WALES ,Powys,W06000023,UKL2400, 8 , 53 , 62 , 11 , 73 , 62 , 199 , 261 , 316 , 577 ," 7,374 "," 6,075 "," 3,730 "," 3,052 "," 4,225 "," 3,237 "," 28,317 "," 5,795 "," 7,906 "," 3,385 ",," 4,418 ",
 WALES ,Ceredigion,W06000008,UKL1407, 8 , 25 , 34 , 6 , 39 , 61 , 96 , 156 , 186 , 342 ," 7,227 "," 5,931 "," 3,771 "," 3,065 "," 4,630 "," 3,453 "," 33,000 "," 6,263 "," 8,686 "," 3,599 ",," 4,982 ",
 WALES ,Pembrokeshire,W06000009,UKL1408, 7 , 53 , 61 , 8 , 69 , 46 , 186 , 231 , 772 ," 1,003 "," 6,183 "," 4,748 "," 3,478 "," 2,907 "," 3,809 "," 3,020 "," 92,557 "," 6,632 "," 14,517 "," 3,144 ",," 4,226 ",
 WALES ,Carmarthenshire,W06000010,UKL1409, 6 , 79 , 85 , 10 , 95 , 41 , 269 , 310 , 557 , 867 ," 6,871 "," 5,317 "," 3,411 "," 2,892 "," 3,655 "," 2,971 "," 56,495 "," 6,871 "," 9,154 "," 3,084 ",," 3,858 ",
 WALES ,Swansea,W06000011,UKL1800, 5 , 106 , 112 , 8 , 120 , 30 , 334 , 364 , 544 , 908 ," 5,468 "," 4,358 "," 3,144 "," 2,704 "," 3,258 "," 2,751 "," 67,599 "," 8,571 "," 7,589 "," 2,816 ",," 3,382 ",
 WALES ,Neath Port Talbot,W06000012,UKL1706, 2 , 64 , 66 , 4 , 70 , 8 , 204 , 212 ," 1,167 "," 1,379 "," 5,097 "," 3,896 "," 3,181 "," 2,785 "," 3,225 "," 2,798 "," 279,243 "," 7,909 "," 19,762 "," 2,857 ",," 3,441 ",
 WALES ,Bridgend,W06000013,UKL1705, 2 , 61 , 63 , 5 , 68 , 9 , 200 , 209 , 407 , 616 ," 5,031 "," 3,661 "," 3,255 "," 2,850 "," 3,305 "," 2,862 "," 87,204 "," 7,996 "," 9,070 "," 2,927 ",," 3,431 ",
 WALES ,Vale of Glamorgan,W06000014,UKL2206, 3 , 54 , 57 , 4 , 61 , 18 , 186 , 204 , 305 , 510 ," 5,690 "," 4,576 "," 3,455 "," 2,937 "," 3,578 "," 2,989 "," 76,100 "," 7,511 "," 8,335 "," 3,049 ",," 3,694 ",
 WALES ,Cardiff,W06000015,UKL2207, 11 , 142 , 153 , 12 , 164 , 55 , 464 , 519 ," 1,037 "," 1,556 "," 5,217 "," 4,472 "," 3,270 "," 2,780 "," 3,404 "," 2,849 "," 88,164 "," 10,131 "," 9,468 "," 2,930 ",," 3,434 ",
 WALES ,Rhondda Cynon Taf,W06000016,UKL1503, 2 , 107 , 109 , 7 , 116 , 10 , 333 , 343 , 419 , 762 ," 5,483 "," 3,871 "," 3,111 "," 2,765 "," 3,152 "," 2,776 "," 59,393 "," 7,302 "," 6,579 "," 2,829 ",," 3,320 ",
 WALES ,Merthyr Tydfil,W06000024,UKL1504, 0 , 27 , 27 , 2 , 29 , 2 , 83 , 84 , 123 , 207 ," 4,863 "," 3,150 "," 3,118 "," 2,789 "," 3,141 "," 2,793 "," 72,638 "," 8,866 "," 7,255 "," 2,840 ",," 3,417 ",
 WALES ,Caerphilly,W06000018,UKL1604, 1 , 77 , 78 , 5 , 83 , 7 , 252 , 259 , 416 , 674 ," 5,943 "," 4,135 "," 3,263 "," 2,844 "," 3,303 "," 2,854 "," 82,295 "," 7,656 "," 8,083 "," 2,910 ",," 3,404 ",
 WALES ,Blaenau Gwent,W06000019,UKL1605, 0 , 32 , 32 , 2 , 35 , 2 , 98 , 100 , 155 , 255 ," 4,909 "," 3,475 "," 3,077 "," 2,722 "," 3,101 "," 2,727 "," 70,148 "," 6,393 "," 7,384 "," 2,772 ",," 3,249 ",
 WALES ,Torfaen,W06000020,UKL1606, 1 , 40 , 41 , 3 , 44 , 5 , 127 , 132 , 268 , 400 ," 4,971 "," 3,515 "," 3,190 "," 2,812 "," 3,234 "," 2,822 "," 98,410 "," 8,552 "," 9,196 "," 2,875 ",," 3,346 ",
 WALES ,Monmouthshire,W06000021,UKL2103, 4 , 38 , 41 , 4 , 46 , 24 , 141 , 164 , 232 , 397 ," 6,764 "," 5,049 "," 3,710 "," 3,035 "," 3,969 "," 3,123 "," 52,099 "," 7,632 "," 8,643 "," 3,227 ",," 4,170 ",
 WALES ,Newport,W06000022,UKL2104, 3 , 64 , 67 , 5 , 71 , 16 , 209 , 225 , 601 , 826 ," 5,651 "," 4,643 "," 3,267 "," 2,807 "," 3,367 "," 2,848 "," 133,314 "," 9,390 "," 11,595 "," 2,915 ",," 3,551 ",
 SCOTLAND ,Aberdeen City,S12000033,UKM5001, 15 , 111 , 126 , 9 , 134 , 64 , 341 , 404 , 731 ," 1,135 "," 4,254 "," 3,308 "," 3,071 "," 2,495 "," 3,211 "," 2,545 "," 85,393 "," 13,530 "," 8,439 "," 2,642 ",," 3,788 ",
 SCOTLAND ,Aberdeenshire,S12000034,UKM5002, 17 , 108 , 125 , 13 , 138 , 121 , 454 , 575 , 651 ," 1,226 "," 7,197 "," 6,260 "," 4,198 "," 3,471 "," 4,601 "," 3,644 "," 48,877 "," 7,866 "," 8,871 "," 3,747 ",," 5,210 ",
 SCOTLAND ,Angus,S12000041,UKM2101, 10 , 51 , 61 , 6 , 67 , 58 , 189 , 247 , 261 , 509 ," 5,819 "," 4,910 "," 3,680 "," 3,076 "," 4,028 "," 3,219 "," 47,374 "," 7,977 "," 7,604 "," 3,311 ",," 4,635 ",
 SCOTLAND ,Argyll and Bute,S12000035,"UKM3101, UKM6302, UKM6303", 17 , 42 , 59 , 7 , 66 , 116 , 156 , 272 , 225 , 497 ," 7,010 "," 6,033 "," 3,682 "," 2,906 "," 4,618 "," 3,390 "," 32,268 "," 7,277 "," 7,543 "," 3,519 ",," 6,630 ",
 SCOTLAND ,City of Edinburgh,S12000036,UKM2500, 39 , 223 , 262 , 20 , 282 , 161 , 694 , 855 ," 1,363 "," 2,218 "," 4,140 "," 3,314 "," 3,117 "," 2,569 "," 3,269 "," 2,629 "," 68,007 "," 8,426 "," 7,877 "," 2,695 ",," 3,672 ",
 SCOTLAND ,Clackmannanshire,S12000005,UKM2201, 2 , 23 , 25 , 1 , 27 , 11 , 76 , 86 , 118 , 205 ," 4,387 "," 3,162 "," 3,343 "," 2,902 "," 3,444 "," 2,918 "," 84,302 "," 8,869 "," 7,727 "," 2,976 ",," 3,696 ",
 SCOTLAND ,Dumfries and Galloway,S12000006,UKM3200, 18 , 63 , 82 , 10 , 92 , 95 , 235 , 330 , 510 , 840 ," 5,136 "," 3,859 "," 3,712 "," 3,097 "," 4,034 "," 3,183 "," 48,735 "," 7,036 "," 9,095 "," 3,293 ",," 4,774 ",
 SCOTLAND ,Dundee City,S12000042,UKM2102, 14 , 70 , 84 , 5 , 89 , 64 , 227 , 291 , 377 , 667 ," 4,575 "," 3,788 "," 3,250 "," 2,785 "," 3,471 "," 2,857 "," 71,355 "," 10,881 "," 7,495 "," 2,931 ",," 4,175 ",
 SCOTLAND ,East Ayrshire,S12000008,UKM3301, 3 , 55 , 59 , 4 , 63 , 15 , 178 , 193 , 229 , 422 ," 4,398 "," 2,798 "," 3,225 "," 2,804 "," 3,293 "," 2,804 "," 52,783 "," 8,053 "," 6,707 "," 2,870 ",," 3,524 ",
 SCOTLAND ,East Dunbartonshire,S12000045,UKM3103, 4 , 44 , 48 , 3 , 50 , 18 , 161 , 178 , 158 , 337 ," 4,369 "," 3,300 "," 3,674 "," 3,214 "," 3,733 "," 3,220 "," 61,851 "," 8,174 "," 6,689 "," 3,267 ",," 3,931 ",
 SCOTLAND ,East Lothian,S12000010,UKM2301, 7 , 43 , 49 , 3 , 53 , 36 , 150 , 185 , 264 , 449 ," 5,240 "," 4,172 "," 3,516 "," 2,980 "," 3,755 "," 3,064 "," 75,878 "," 8,521 "," 8,506 "," 3,138 ",," 4,142 ",
 SCOTLAND ,East Renfrewshire,S12000011,UKM3501, 4 , 36 , 40 , 2 , 42 , 21 , 137 , 158 , 67 , 225 ," 4,764 "," 3,716 "," 3,800 "," 3,311 "," 3,905 "," 3,336 "," 37,289 "," 10,959 "," 5,314 "," 3,385 ",," 4,098 ",
 SCOTLAND ,Falkirk,S12000014,UKM2600, 10 , 69 , 79 , 5 , 84 , 45 , 229 , 274 , 413 , 687 ," 4,472 "," 3,271 "," 3,315 "," 2,904 "," 3,464 "," 2,925 "," 90,721 "," 9,760 "," 8,208 "," 2,987 ",," 3,860 ",
 SCOTLAND ,Fife,S12000015,UKM2202, 18 , 164 , 183 , 13 , 195 , 81 , 543 , 624 , 857 ," 1,481 "," 4,472 "," 3,136 "," 3,301 "," 2,851 "," 3,417 "," 2,867 "," 66,569 "," 8,028 "," 7,576 "," 2,928 ",," 3,763 ",
 SCOTLAND ,Glasgow City,S12000046,UKM3400, 63 , 263 , 327 , 24 , 350 , 216 , 763 , 978 ," 1,592 "," 2,570 "," 3,415 "," 2,625 "," 2,895 "," 2,454 "," 2,996 "," 2,472 "," 66,649 "," 9,721 "," 7,333 "," 2,546 ",," 3,332 ",
 SCOTLAND ,Highland,S12000017,"UKM6101, UKM6102, UKM6201, UKM6202, UKM6304, UKM6305", 35 , 105 , 140 , 16 , 156 , 242 , 409 , 651 , 894 ," 1,546 "," 7,013 "," 6,112 "," 3,880 "," 3,134 "," 4,654 "," 3,525 "," 56,341 "," 8,297 "," 9,916 "," 3,655 ",," 6,056 ",
 SCOTLAND ,Inverclyde,S12000018,UKM3503, 8 , 34 , 42 , 2 , 44 , 30 , 110 , 139 , 155 , 295 ," 3,840 "," 2,860 "," 3,204 "," 2,819 "," 3,322 "," 2,825 "," 62,152 "," 7,668 "," 6,622 "," 2,879 ",," 3,711 ",
 SCOTLAND ,Midlothian,S12000019,UKM2302, 2 , 37 , 40 , 3 , 42 , 13 , 125 , 138 , 201 , 339 ," 5,468 "," 3,821 "," 3,366 "," 2,921 "," 3,492 "," 2,943 "," 75,991 "," 9,202 "," 8,043 "," 3,010 ",," 3,655 ",
 SCOTLAND ,Moray,S12000020,"UKM6203, UKM6204", 6 , 41 , 48 , 5 , 52 , 41 , 146 , 187 , 307 , 493 ," 6,359 "," 5,451 "," 3,556 "," 2,983 "," 3,933 "," 3,133 "," 66,929 "," 8,013 "," 9,473 "," 3,230 ",," 4,452 ",
 SCOTLAND ,Na h-Eileanan Siar3,S12000013,UKM6400, 5 , 14 , 19 , 2 , 21 , 35 , 53 , 87 , 61 , 148 ," 6,752 "," 5,971 "," 3,871 "," 3,132 "," 4,660 "," 3,584 "," 30,603 "," 5,970 "," 7,169 "," 3,662 ",," 6,723 ",
 SCOTLAND ,North Ayrshire,S12000021,"UKM3302, UKM6301", 10 , 63 , 73 , 5 , 77 , 48 , 199 , 247 , 390 , 637 ," 5,014 "," 3,585 "," 3,160 "," 2,749 "," 3,407 "," 2,807 "," 80,927 "," 7,706 "," 8,236 "," 2,873 ",," 3,894 ",
 SCOTLAND ,North Lanarkshire,S12000044,UKM3600, 19 , 140 , 159 , 9 , 168 , 82 , 462 , 544 , 738 ," 1,282 "," 4,297 "," 3,157 "," 3,309 "," 2,938 "," 3,427 "," 2,951 "," 82,736 "," 10,173 "," 7,645 "," 3,007 ",," 3,619 ",
 SCOTLAND ,Orkney Islands,S12000023,UKM6500, 6 , 8 , 15 , 2 , 17 , 45 , 35 , 80 , 55 , 135 ," 7,481 "," 6,703 "," 4,102 "," 3,207 "," 5,505 "," 4,319 "," 23,571 "," 6,362 "," 8,018 "," 4,460 ",," 7,797 ",
 SCOTLAND ,Perth and Kinross,S12000024,UKM2701, 15 , 65 , 80 , 9 , 89 , 98 , 250 , 348 , 374 , 723 ," 6,702 "," 5,756 "," 3,822 "," 3,089 "," 4,348 "," 3,312 "," 43,689 "," 8,594 "," 8,152 "," 3,430 ",," 5,189 ",
 SCOTLAND ,Renfrewshire,S12000038,UKM3502, 13 , 78 , 91 , 5 , 96 , 42 , 245 , 288 , 365 , 652 ," 3,265 "," 2,392 "," 3,149 "," 2,743 "," 3,165 "," 2,713 "," 71,057 "," 9,878 "," 6,797 "," 2,771 ",," 3,422 ",
 SCOTLAND ,Scottish Borders ,S12000026,UKM2400, 15 , 50 , 65 , 8 , 72 , 70 , 181 , 251 , 267 , 517 ," 4,701 "," 3,518 "," 3,629 "," 2,955 "," 3,875 "," 3,027 "," 35,004 "," 5,939 "," 7,155 "," 3,117 ",," 4,660 ",
 SCOTLAND ,Shetland Islands,S12000027,UKM6600, 8 , 9 , 17 , 2 , 19 , 63 , 37 , 100 , 89 , 189 ," 7,418 "," 6,700 "," 4,111 "," 3,248 "," 5,715 "," 4,597 "," 47,214 "," 7,829 "," 9,768 "," 4,689 ",," 9,706 ",
 SCOTLAND ,South Ayrshire,S12000028,UKM3700, 7 , 51 , 58 , 5 , 63 , 31 , 173 , 204 , 257 , 461 ," 4,572 "," 3,299 "," 3,365 "," 2,864 "," 3,506 "," 2,888 "," 50,235 "," 7,795 "," 7,274 "," 2,971 ",," 3,935 ",
 SCOTLAND ,South Lanarkshire,S12000029,UKM3800, 25 , 132 , 157 , 10 , 167 , 119 , 462 , 580 , 535 ," 1,115 "," 4,835 "," 3,571 "," 3,492 "," 2,991 "," 3,702 "," 3,038 "," 53,349 "," 9,333 "," 6,685 "," 3,102 ",," 4,026 ",
 SCOTLAND ,Stirling,S12000030,UKM2702, 7 , 38 , 44 , 4 , 49 , 41 , 141 , 182 , 279 , 460 ," 6,188 "," 4,779 "," 3,746 "," 3,050 "," 4,110 "," 3,167 "," 62,597 "," 9,365 "," 9,462 "," 3,288 ",," 4,662 ",
 SCOTLAND ,West Dunbartonshire,S12000039,UKM3102, 6 , 42 , 47 , 3 , 50 , 19 , 126 , 145 , 181 , 326 ," 3,327 "," 2,395 "," 3,027 "," 2,669 "," 3,064 "," 2,650 "," 61,199 "," 8,575 "," 6,482 "," 2,700 ",," 3,400 ",
 SCOTLAND ,West Lothian,S12000040,UKM2800, 6 , 74 , 80 , 5 , 85 , 26 , 258 , 284 , 520 , 804 ," 4,644 "," 3,552 "," 3,477 "," 3,044 "," 3,558 "," 3,064 "," 96,937 "," 10,691 "," 9,437 "," 3,131 ",," 3,707 ",
,,,,,,,,,,,,,,,,,,,,,,,,,,
"(TOTAL, ALL)",Great Britain,K03000001,," 4,371 "," 23,723 "," 28,094 "," 2,495 "," 30,589 "," 22,746 "," 83,474 "," 106,220 "," 170,800 "," 277,020 "," 5,203 "," 3,995 "," 3,519 "," 2,915 "," 3,781 "," 3,028 "," 68,460 "," 8,046 "," 9,056 "," 3,107 ",," 3,931 ",
,,,,,,,,,,,,,,,,,,,,,,,,,,
,England,E92000001,," 3,834 "," 19,999 "," 23,833 "," 2,113 "," 25,946 "," 19,931 "," 70,925 "," 90,856 "," 141,541 "," 232,397 "," 5,198 "," 3,991 "," 3,546 "," 2,927 "," 3,812 "," 3,047 "," 66,981 "," 8,038 "," 8,957 "," 3,125 ",," 3,911 ",
,North East,E12000001,UKC, 69 ," 1,151 "," 1,220 ", 84 ," 1,304 ", 344 ," 3,616 "," 3,961 "," 7,113 "," 11,074 "," 4,998 "," 3,816 "," 3,142 "," 2,713 "," 3,247 "," 2,741 "," 84,737 "," 7,787 "," 8,494 "," 2,801 ",," 4,005 ",
,North West,E12000002,UKD, 234 ," 2,974 "," 3,208 ", 246 ," 3,454 "," 1,343 "," 10,220 "," 11,563 "," 18,805 "," 30,369 "," 5,741 "," 4,607 "," 3,436 "," 2,941 "," 3,604 "," 3,005 "," 76,400 "," 9,072 "," 8,791 "," 3,083 ",," 3,557 ",
,Yorkshire and The Humber,E12000003,UKE, 173 ," 2,214 "," 2,387 ", 186 ," 2,573 ", 935 ," 7,443 "," 8,378 "," 13,962 "," 22,340 "," 5,402 "," 4,173 "," 3,362 "," 2,825 "," 3,510 "," 2,875 "," 75,012 "," 8,792 "," 8,682 "," 2,953 ",," 3,588 ",
,East Midlands,E12000004,UKF, 687 ," 1,359 "," 2,046 ", 166 ," 2,212 "," 3,039 "," 4,654 "," 7,693 "," 12,698 "," 20,391 "," 4,423 "," 3,401 "," 3,426 "," 2,874 "," 3,761 "," 3,032 "," 76,604 "," 9,768 "," 9,220 "," 3,116 ",," 3,853 ",
,West Midlands,E12000005,UKG, 395 ," 2,039 "," 2,435 ", 202 ," 2,637 "," 2,015 "," 7,303 "," 9,318 "," 14,330 "," 23,648 "," 5,097 "," 3,915 "," 3,581 "," 3,022 "," 3,827 "," 3,125 "," 70,969 "," 8,778 "," 8,969 "," 3,205 ",," 3,926 ",
,East,E12000006,UKH, 767 ," 1,865 "," 2,632 ", 226 ," 2,858 "," 3,962 "," 6,973 "," 10,935 "," 14,995 "," 25,930 "," 5,165 "," 3,913 "," 3,739 "," 3,065 "," 4,155 "," 3,261 "," 66,375 "," 8,944 "," 9,074 "," 3,345 ",," 4,193 ",
,Inner London,E13000001,, 139 ," 1,364 "," 1,504 ", 237 ," 1,741 ", 722 ," 4,426 "," 5,148 "," 16,042 "," 21,190 "," 5,183 "," 4,106 "," 3,244 "," 2,416 "," 3,424 "," 2,503 "," 67,627 "," 5,794 "," 12,172 "," 2,597 ",," 2,888 ",
,Outer London,E13000002,, 317 ," 1,716 "," 2,033 ", 168 ," 2,200 "," 1,535 "," 6,236 "," 7,771 "," 9,183 "," 16,954 "," 4,845 "," 3,842 "," 3,634 "," 2,969 "," 3,823 "," 3,070 "," 54,806 "," 7,097 "," 7,706 "," 3,129 ",," 4,478 ",
,South East,E12000008,UKJ, 684 ," 3,164 "," 3,848 ", 341 ," 4,188 "," 3,680 "," 12,185 "," 15,865 "," 21,409 "," 37,274 "," 5,384 "," 4,196 "," 3,851 "," 3,111 "," 4,123 "," 3,250 "," 62,820 "," 8,020 "," 8,899 "," 3,326 ",," 4,002 ",
,South West,E12000009,UKK, 369 ," 2,153 "," 2,522 ", 258 ," 2,780 "," 2,357 "," 7,867 "," 10,224 "," 13,002 "," 23,226 "," 6,381 "," 5,320 "," 3,655 "," 2,998 "," 4,054 "," 3,173 "," 50,445 "," 7,045 "," 8,356 "," 3,259 ",," 5,596 ",
,Wales,W92000004,UKL, 99 ," 1,310 "," 1,409 ", 129 ," 1,538 ", 625 ," 4,395 "," 5,020 "," 9,755 "," 14,775 "," 6,294 "," 4,957 "," 3,355 "," 2,870 "," 3,562 "," 2,937 "," 75,828 "," 7,344 "," 9,608 "," 3,017 ",," 3,223 ",
,Scotland,S92000003,UKM, 433 ," 2,348 "," 2,781 ", 220 ," 3,001 "," 2,164 "," 7,944 "," 10,108 "," 13,483 "," 23,591 "," 4,997 "," 3,819 "," 3,383 "," 2,848 "," 3,635 "," 2,923 "," 61,337 "," 8,597 "," 7,861 "," 3,003 ",," 4,122 ",
,Unallocated,Unallocated,, 5 , 65 , 70 , 33 , 104 , 26 , 210 , 236 ," 6,021 "," 6,257 "," 5,234 "," 4,516 "," 3,212 "," 2,523 "," 3,354 "," 2,597 "," 181,021 "," 8,055 "," 60,353 "," 2,904 ",,,
,,,,,,,,,,,,,,,,,,,,,,,,,,
,"(1) There has been changes made to the method for compiling electricity data at local authority level. This has resulted in more information being available, such as the domestic standard and Economy 7 meter divide.",,,,,,,,,,,,,,,,,,,,,,,,,
,(2) Household figures based on various sources; household estimates in Scotland by General Register Office for Scotland; household estimates in Wales.,,,,,,,,,,,,,,,,,,,,,,,,,
